timestamp,side,target_distance,current_distance,dist_error,pid_speed_output,target_yaw,current_yaw,yaw_correction_speed
0.0,1,0.6,0.0,0.6,0.0,177.75,177.75,0.0
0.03281831741333008,1,0.6,9.20709404722586e-06,0.5999907929059527,0.8,177.75,177.75,0.0
0.05756735801696777,1,0.6,8.814495889635174e-06,0.5999911855041103,0.18172752300950673,177.75,177.75,0.0
0.0834498405456543,1,0.6,9.99229036240723e-06,0.5999900077096376,0.18246657113904752,177.75,177.75,0.0
0.10763883590698242,1,0.6,3.9259815759068477e-07,0.5999996074018424,0.18330578940333944,177.75,177.75,0.0
0.1327369213104248,1,0.6,0.0,0.6,0.18398519712028202,177.75,177.75,0.0
0.16553640365600586,1,0.6,0.0003577594622587068,0.5996422405377413,0.1826766439605116,177.75,177.72,0.2894929728849743
0.19081854820251465,1,0.6,0.001226696125630545,0.5987733038743694,0.17821074264357653,177.75,177.71,0.1430652642291252
0.2152411937713623,1,0.6,0.002835454873978109,0.5971645451260219,0.17287768823555832,177.75,177.7,0.14395312051246847
0.24010968208312988,1,0.6,0.008626310031595525,0.5913736899684044,0.13802713188238408,177.75,177.73,-0.3515315399337645
0.2652015686035156,1,0.6,0.0127989840850832,0.5872010159149168,0.15082470986779467,177.75,177.72,0.13500807867263362
0.29900193214416504,1,0.6,0.02343160415231198,0.576568395847688,0.11895424968572628,177.75,177.7,0.2031294042779759
0.3244783878326416,1,0.6,0.029500673047446437,0.5704993269525536,0.13225874627042095,177.75,177.68,0.2755461323159582
0.35745835304260254,1,0.6,0.04181003490477168,0.5581899650952283,0.10436103442010906,177.75,177.67,0.1307967140664606
0.38176608085632324,1,0.6,0.04767001297329845,0.5523299870267016,0.12870020918802255,177.75,177.64,0.42657915514250966
0.4155709743499756,1,0.6,0.05311249309912703,0.546887506900873,0.1440074151874438,177.75,177.62,0.24425509142290958
0.4405934810638428,1,0.6,0.061830911996507115,0.5381690880034928,0.10457995284536437,177.75,177.64,-0.1827428872882364
0.4654421806335449,1,0.6,0.06735490083786533,0.5326450991621346,0.1288081600015088,177.75,177.64,0.05731457829476104
0.49042606353759766,1,0.6,0.06885981070101292,0.5311401892989871,0.1612521735772578,177.75,177.6,0.5648745189143739
0.5151431560516357,1,0.6,0.06969484451172162,0.5303051554882784,0.16722439815800563,177.75,177.58,0.32744056730120313
0.540264368057251,1,0.6,0.06992309679742661,0.5300769032025734,0.17262580500399896,177.75,177.59,-0.03786426893457165
0.5647251605987549,1,0.6,0.06970051822235052,0.5302994817776494,0.17701219540542285,177.75,177.59,0.08389566373824918
0.5885059833526611,1,0.6,0.06954788567981128,0.5304521143201887,0.17714111983405706,177.75,177.57,0.34479537021547624
0.6140646934509277,1,0.6,0.06971265083992353,0.5302873491600765,0.17523003224896455,177.75,177.56,0.21575159153597623
0.6385838985443115,1,0.6,0.07204360268146755,0.5279563973185324,0.15743817486328932,177.75,177.51,0.737172326066767
0.6625323295593262,1,0.6,0.07204360268146755,0.5279563973185324,0.1770836353783683,177.75,177.5,0.2562748571604091
0.6873862743377686,1,0.6,0.07435614033491711,0.5256438596650829,0.15843407125205936,177.75,177.48,0.3830871166472831
0.7124969959259033,1,0.6,0.07747395018972311,0.5225260498102768,0.15193129851793175,177.75,177.46,0.3913467173274881
0.7460620403289795,1,0.6,0.08618608751658176,0.5138139124834182,0.1231004991067709,177.75,177.43,0.4366151361364182
0.779024600982666,1,0.6,0.09725993875238681,0.5027400612476132,0.10532841112976725,177.75,177.45,-0.022556777489157437
0.8117311000823975,1,0.6,0.10319461195665386,0.4968053880433461,0.13526044391960523,177.75,177.45,0.16044911098480819
0.8353860378265381,1,0.6,0.10924251847659072,0.49075748152340926,0.11850196935792126,177.75,177.43,0.4281817851638848
0.8693821430206299,1,0.6,0.12053013379158223,0.47946986620841775,0.10111433500283847,177.75,177.44,0.07871444671591382
0.9030613899230957,1,0.6,0.129243271576491,0.470756728423509,0.11435295205325716,177.75,177.46,-0.01931241753182325
0.9349822998046875,1,0.6,0.13487913860262365,0.4651208613973763,0.12999447566729355,177.75,177.42,0.5517033293657442
0.9610028266906738,1,0.6,0.1366924543361104,0.46330754566388954,0.15068860046004173,177.75,177.41,0.3004683891344659
0.9940764904022217,1,0.6,0.1381497583363915,0.46185024166360844,0.1567340555385496,177.75,177.42,0.09055961588425838
1.0189166069030762,1,0.6,0.13768557913825233,0.4623144208617477,0.16986014527599863,177.75,177.42,0.18207363128662768
1.0410411357879639,1,0.6,0.13768557913825233,0.4623144208617477,0.16657848685106713,177.75,177.4,0.4633629299086601
1.0751891136169434,1,0.6,0.137021554132865,0.462978445867135,0.1714287814380478,177.75,177.31,1.0227519296822152
1.1013221740722656,1,0.6,0.13785130683110242,0.46214869316889756,0.16147927413563334,177.75,177.27,0.7264683856375382
1.1265697479248047,1,0.6,0.13785130683110242,0.46214869316889756,0.16851388908293227,177.75,177.26,0.38394460838173433
1.1518018245697021,1,0.6,0.1395235527050427,0.4604764472949573,0.15515070706453377,177.75,177.27,0.1425445937245475
1.1854701042175293,1,0.6,0.145423930458489,0.454576069541511,0.13232486977309893,177.75,177.28,0.17001049792638934
1.2193496227264404,1,0.6,0.15485472749512583,0.4451452725048741,0.10977316123115416,177.75,177.25,0.5422262798733781
1.2444806098937988,1,0.6,0.16046925480963822,0.4395307451903617,0.11949818247413624,177.75,177.27,0.027779521928656042
1.2689180374145508,1,0.6,0.16642880110894379,0.4335711988910562,0.11564391823206674,177.75,177.23,0.7668317322706844
1.3036599159240723,1,0.6,0.17851854784003102,0.42148145215996896,0.08975338473553873,177.75,177.22,0.383071798961049
1.3280491828918457,1,0.6,0.18419302889671785,0.41580697110328213,0.1124772233828969,177.75,177.21,0.4250007779642051
1.3529720306396484,1,0.6,0.18925305380167182,0.4107469461983282,0.1171222253446075,177.75,177.21,0.30329740571975333
1.378262996673584,1,0.6,0.19687603147902807,0.4031239685209719,0.09478712700332247,177.75,177.2,0.4305587501564193
1.4106101989746094,1,0.6,0.19954868418368188,0.4004513158163181,0.13993438726474383,177.75,177.21,0.2157922203092243
1.4439995288848877,1,0.6,0.2026241692880927,0.3973758307119073,0.13759886453016304,177.75,177.22,0.21429469986385097
1.4687588214874268,1,0.6,0.20314298319062274,0.39685701680937724,0.15197966925379447,177.75,177.2,0.5569318616921591
1.4946660995483398,1,0.6,0.20303795651094997,0.39696204348905,0.1575391496505216,177.75,177.21,0.19070439639644024
1.5190763473510742,1,0.6,0.20175109138141,0.39824890861858997,0.16773412189828585,177.75,177.19,0.5588873895203946
1.5435237884521484,1,0.6,0.20108728163775766,0.3989127183622423,0.16370570609828905,177.75,177.17,0.5792088975964333
1.5690178871154785,1,0.6,0.20108942196496826,0.3989105780350317,0.15876626161437435,177.75,177.15,0.58066266795334
1.593923807144165,1,0.6,0.20381046572880376,0.3961895342711962,0.13660953431252323,177.75,177.14,0.4722866355717992
1.6261022090911865,1,0.6,0.20381046572880376,0.3961895342711962,0.1590975497979962,177.75,177.1,0.7468458850688549
1.6547284126281738,1,0.6,0.21013658598625765,0.38986341401374236,0.11355962063623057,177.75,177.1,0.3757856452465089
1.6800169944763184,1,0.6,0.21448305495748216,0.3855169450425178,0.12204126923066086,177.75,177.06,0.8791748840054594
1.7124443054199219,1,0.6,0.21961773707286406,0.38038226292713595,0.12424577084784114,177.75,177.05,0.4975567283870128
1.745682716369629,1,0.6,0.23113517506619094,0.368864824933809,0.0842086854262248,177.75,177.07,0.21741424885781285
1.778886318206787,1,0.6,0.24258052669977037,0.3574194733002296,0.08098143072812831,177.75,177.12,-0.08028548100593158
1.804112434387207,1,0.6,0.2477142462824145,0.35228575371758547,0.10876375861353224,177.75,177.14,0.12917899756809142
1.8382434844970703,1,0.6,0.256029224920145,0.34397077507985496,0.09805475839875644,177.75,177.1,0.7433428911461973
1.86399507522583,1,0.6,0.25905592636721664,0.34094407363278334,0.12400203081589677,177.75,177.08,0.6262173219839452
1.8962323665618896,1,0.6,0.2624056992275685,0.33759430077243147,0.12561918673422448,177.75,177.08,0.4017948513030946
1.930718183517456,1,0.6,0.2630644051951722,0.33693559480482776,0.1429066983113264,177.75,177.08,0.4040754656791627
1.9551739692687988,1,0.6,0.2629017803622706,0.3370982196377294,0.14855160386809513,177.75,177.1,0.15475526383274985
1.9900829792022705,1,0.6,0.26248014117626156,0.3375198588237384,0.15037677848824868,177.75,177.09,0.4889358275179543
2.0241565704345703,1,0.6,0.26187921069830933,0.33812078930169065,0.15224471095037032,177.75,177.04,0.870640982583414
2.0567123889923096,1,0.6,0.2629928508446927,0.3370071491553073,0.14209052543947126,177.75,177.01,0.724274762366419
2.0905539989471436,1,0.6,0.2645248120554018,0.3354751879445982,0.13998629459600578,177.75,177.05,0.07560233728632249
2.11513352394104,1,0.6,0.26971848538022025,0.3302815146197797,0.10562765402813709,177.75,177.07,0.17776119176937627
2.1403050422668457,1,0.6,0.27340799611289407,0.3265920038871059,0.11787703816144106,177.75,177.07,0.42357846736908333
2.173569917678833,1,0.6,0.27770978474477787,0.3222902152552221,0.12057366313392995,177.75,177.04,0.7114959238462311
2.1996564865112305,1,0.6,0.2877405118013167,0.31225948819868327,0.06569392465006418,177.75,177.02,0.6865022292095697
2.2239573001861572,1,0.6,0.2929406440330793,0.3070593559669207,0.09995447148708708,177.75,177.03,0.3264313713393831
2.248865842819214,1,0.6,0.2979097757920338,0.30209022420796616,0.10218629560722747,177.75,177.04,0.32758580799600945
2.2735397815704346,1,0.6,0.3026890540341025,0.29731094596589747,0.10172745583584447,177.75,177.05,0.3215033971516165
2.299412727355957,1,0.6,0.3105855342710847,0.28941446572891527,0.07624899422142578,177.75,177.05,0.4449002797603553
2.3241872787475586,1,0.6,0.3135460004054604,0.2864539995945396,0.11450236020343545,177.75,177.02,0.8249848247835324
2.3578922748565674,1,0.6,0.3172890059733645,0.28271099402663546,0.11508216878880714,177.75,177.0,0.6522518485568973
2.3915998935699463,1,0.6,0.3184257714857335,0.2815742285142665,0.13068123109990407,177.75,176.99,0.5707991264707878
2.4174084663391113,1,0.6,0.3183131081046438,0.2816868918953562,0.13870587732762255,177.75,177.01,0.23694847531759972
2.441166639328003,1,0.6,0.3179717998396916,0.2820282001603084,0.14107909950769743,177.75,176.99,0.733234356765891
2.4661452770233154,1,0.6,0.3176841637463924,0.28231583625360757,0.14100274985140024,177.75,176.99,0.4874132332801775
2.4912211894989014,1,0.6,0.31750116173460835,0.2824988382653916,0.14056837364040595,177.75,176.99,0.489319002628322
2.5158772468566895,1,0.6,0.31826271612936186,0.2817372838706381,0.13293840652880765,177.75,176.98,0.6199465747698482
2.541923999786377,1,0.6,0.3194829533480483,0.28051704665195165,0.1295809083957052,177.75,177.0,0.25658926202864196
2.5654265880584717,1,0.6,0.32143576854845124,0.27856423145154874,0.1231068137134767,177.75,177.01,0.36017735341482465
2.599153995513916,1,0.6,0.3275195409118392,0.27248045908816076,0.10152651339596444,177.75,177.01,0.48740466451645376
2.6245856285095215,1,0.6,0.33158190717318287,0.2684180928268171,0.1047779041989458,177.75,177.01,0.48928660535812857
2.6579394340515137,1,0.6,0.341116160496862,0.258883839503138,0.07657514173780519,177.75,177.03,0.3000544056057746
2.692108631134033,1,0.6,0.34622322133010214,0.25377677866989784,0.10309873463322218,177.75,177.0,0.7643656112647841
2.716524124145508,1,0.6,0.3558685676422406,0.24413143235775936,0.05331077766593366,177.75,176.9,1.7533339343724061
2.7412350177764893,1,0.6,0.36030810801198754,0.23969189198801244,0.09363468730531219,177.75,176.93,0.17414691805504523
2.7741875648498535,1,0.6,0.3640393735604763,0.2359606264395237,0.10618963559272562,177.75,176.94,0.444987909382332
2.7997851371765137,1,0.6,0.3693623767254258,0.23063762327457416,0.08594431180009621,177.75,176.97,0.17142868131487843
2.8331587314605713,1,0.6,0.3708067629118188,0.22919323708818118,0.1187166284808843,177.75,176.94,0.8136787412328299
2.857706069946289,1,0.6,0.3714635058886345,0.22853649411136545,0.12230274969862645,177.75,176.94,0.542716119050981
2.88270902633667,1,0.6,0.3710038605319638,0.22899613946803615,0.1316677149337763,177.75,176.94,0.5447413585186018
2.908515214920044,1,0.6,0.3697085735046918,0.2302914264953082,0.13883090222342276,177.75,176.92,0.7921187379895408
2.933936834335327,1,0.6,0.36916663423617624,0.23083336576382374,0.13334618122525807,177.75,176.92,0.5589932665824956
2.9589197635650635,1,0.6,0.368929174856424,0.23107082514357596,0.13141993283435496,177.75,176.92,0.5610335848331518
2.9830636978149414,1,0.6,0.36919172259294974,0.23080827740705023,0.12755311635395214,177.75,176.91,0.6903212414216676
3.006898880004883,1,0.6,0.37006615563052786,0.22993384436947212,0.122366824003221,177.75,176.9,0.7009856934745724
3.031473398208618,1,0.6,0.37156499918488894,0.22843500081511103,0.11714387609990007,177.75,176.9,0.5771783485412573
3.0551443099975586,1,0.6,0.3768656242548558,0.22313437574514416,0.0841201998467369,177.75,176.93,0.18985543048269565
3.0797526836395264,1,0.6,0.3807412777845745,0.21925872221542547,0.0952794418215751,177.75,176.93,0.5661343369483917
3.1044654846191406,1,0.6,0.3852152909415647,0.21478470905843527,0.09062179621145541,177.75,176.96,0.1948764565237633
3.129053831100464,1,0.6,0.3900629448235399,0.20993705517646005,0.08506594502565468,177.75,176.98,0.29760801811916276
3.1627848148345947,1,0.6,0.4001622627817202,0.1998377372182798,0.06305566792654885,177.75,176.98,0.5476096141338402
3.196186065673828,1,0.6,0.4091530064442535,0.19084699355574647,0.0661367805242699,177.75,177.03,0.07592952614354881
3.2298061847686768,1,0.6,0.4129671358391673,0.1870328641608327,0.09645215229168519,177.75,177.02,0.6217010564364229
3.254352569580078,1,0.6,0.41832889244578136,0.1816711075542186,0.07406942734930466,177.75,177.0,0.7887449321677935
3.2792892456054688,1,0.6,0.4197209615914167,0.18027903840858328,0.10639848282459109,177.75,177.02,0.2955206752208386
3.3036439418792725,1,0.6,0.4203892672512252,0.17961073274877476,0.11198199510346651,177.75,177.03,0.40726331833667373
3.3352549076080322,1,0.6,0.42002287062949956,0.17997712937050042,0.12026035831995195,177.75,177.02,0.6337143888512589
3.3599231243133545,1,0.6,0.41925189387896383,0.18074810612103615,0.1246809324258369,177.75,176.99,0.921908457436549
3.385875701904297,1,0.6,0.41839980101105606,0.18160019898894392,0.12548797738637052,177.75,176.99,0.5590389149188952
3.4107697010040283,1,0.6,0.4176407795416707,0.18235922045832925,0.12547415646750004,177.75,176.96,0.9375384534161466
3.4432318210601807,1,0.6,0.4170063767345253,0.1829936232654747,0.12377204060627647,177.75,176.98,0.3836743123763027
3.4771313667297363,1,0.6,0.4206167343406151,0.1793832656593849,0.09753963812379794,177.75,176.99,0.47655444622434484
3.5104446411132812,1,0.6,0.4233270006177729,0.17667299938222708,0.10247735769861291,177.75,176.99,0.5686132984161333
3.543513298034668,1,0.6,0.4308145821462116,0.16918541785378838,0.07131395397903695,177.75,176.96,0.8583867605249019
3.5761218070983887,1,0.6,0.43529976538803705,0.16470023461196293,0.08801271500139415,177.75,176.98,0.39473552464853656
3.6012096405029297,1,0.6,0.4399422923502928,0.16005770764970717,0.0766576316243896,177.75,176.99,0.4539018281285091
3.6343801021575928,1,0.6,0.449082350433682,0.15091764956631798,0.05744780274013678,177.75,176.98,0.6724592186919821
3.6593832969665527,1,0.6,0.45328168323657353,0.14671831676342645,0.0771713474195915,177.75,176.98,0.5851230630874686
3.6849732398986816,1,0.6,0.4569255510971688,0.14307444890283116,0.08090211161197897,177.75,176.98,0.5870616555213981
3.718759298324585,1,0.6,0.4622218575874022,0.13777814241259778,0.07752234092038608,177.75,176.99,0.4969401740670168
3.7432618141174316,1,0.6,0.4637291230394953,0.13627087696050466,0.0959071927240838,177.75,177.01,0.3316011875693655
3.767702579498291,1,0.6,0.46451890657628314,0.13548109342371684,0.10167592717878766,177.75,177.02,0.45051243091762666
3.7926676273345947,1,0.6,0.46478555763080737,0.1352144423691926,0.10609135659610712,177.75,177.02,0.5750806262493084
3.8175735473632812,1,0.6,0.4634083692898482,0.1365916307101518,0.11986992954363553,177.75,177.01,0.7023769540131878
3.8432891368865967,1,0.6,0.4627457373406686,0.13725426265933138,0.11433961617593162,177.75,177.0,0.7055130850823074
3.868283271789551,1,0.6,0.46230646916288026,0.13769353083711972,0.11306978106632795,177.75,177.01,0.4633112706284301
3.893791675567627,1,0.6,0.46230646916288026,0.13769353083711972,0.10966293764573043,177.75,177.01,0.5875614690780687
3.9189705848693848,1,0.6,0.4628779927043254,0.1371220072956746,0.10519434271695934,177.75,177.01,0.589452760696416
3.9440972805023193,1,0.6,0.4640382761808375,0.1359617238191625,0.10025397306736625,177.75,177.01,0.5913121361732532
3.9691691398620605,1,0.6,0.465831999931757,0.13416800006824298,0.09481085053982505,177.75,177.0,0.7178485893001267
4.0027916431427,1,0.6,0.47140049177603327,0.1285995082239667,0.07419159736110675,177.75,177.01,0.5054921448471675
4.027371644973755,1,0.6,0.47500988684938517,0.12499011315061481,0.07777881922287731,177.75,177.0,0.7228648348906285
4.062528848648071,1,0.6,0.48316010032700346,0.11683989967299652,0.05703083089755187,177.75,176.99,0.6974832493047232
4.0947535037994385,1,0.6,0.4914801827407827,0.10851981725921728,0.051805987715057594,177.75,176.98,0.7084865752857585
4.119665622711182,1,0.6,0.4954632185391196,0.10453678146088036,0.06913330867297293,177.75,177.0,0.368700272612411
4.1529316902160645,1,0.6,0.4989095961814123,0.10109040381858769,0.07952415318636533,177.75,177.02,0.4216113601584165
4.177880525588989,1,0.6,0.5016921640800527,0.0983078359199473,0.07722589985403351,177.75,177.01,0.7290676377941863
4.203363418579102,1,0.6,0.5051922138939983,0.09480778610600171,0.07067625092528246,177.75,177.04,0.23657512698316635
4.227594375610352,1,0.6,0.5059020591078868,0.09409794089211321,0.09274359659613968,177.75,177.01,0.9775953355753157
4.252963304519653,1,0.6,0.5060779943528343,0.09392200564716569,0.0971554861927738,177.75,177.02,0.48880522221638767
4.285600900650024,1,0.6,0.505365008353685,0.09463499164631495,0.10324701109222252,177.75,177.02,0.6116596417427015
4.3206398487091064,1,0.6,0.5037483976421856,0.09625160235781438,0.1089398667501755,177.75,177.01,0.7059727694165989
4.35410475730896,1,0.6,0.5036768812170185,0.0963231187829815,0.10019894914091448,177.75,177.02,0.5273996012298756
4.38789439201355,1,0.6,0.5039878200127257,0.0960121799872743,0.09802051359197461,177.75,177.0,0.8051420669841501
4.412517309188843,1,0.6,0.5047903440269791,0.09520965597302089,0.09320172477326397,177.75,177.02,0.37735190306126654
4.4369957447052,1,0.6,0.5081301245969686,0.09186987540303138,0.07154321214762167,177.75,177.06,0.11248893973187979
4.469801425933838,1,0.6,0.5107420383631328,0.08925796163686717,0.08227003394562285,177.75,177.11,0.12257803570555681
4.495453119277954,1,0.6,0.5175450782961915,0.08245492170380853,0.04226547966091811,177.75,177.15,0.08514891115653817
4.519426107406616,1,0.6,0.5213300160163332,0.07866998398366676,0.06422365616769837,177.75,177.13,0.8185014818989034
4.54390025138855,1,0.6,0.5251617744030262,0.07483822559697373,0.06284650026261843,177.75,177.12,0.701962454003321
4.568587064743042,1,0.6,0.5288847953902055,0.07111520460979448,0.0629680588547519,177.75,177.05,1.4667687596970875
4.59477972984314,1,0.6,0.5353220086361188,0.0646779913638812,0.041527450772127814,177.75,176.99,1.343715624800276
4.619490146636963,1,0.6,0.537924537971813,0.06207546202818692,0.06978217001429245,177.75,177.03,0.15040839129358063
4.653287887573242,1,0.6,0.5399731727578415,0.060026827242158465,0.07794345493205133,177.75,177.05,0.4447198965055381
4.686586618423462,1,0.6,0.5422557335402038,0.057744266459796134,0.07562825968294276,177.75,177.06,0.5285146968601427
4.712049961090088,1,0.6,0.542504755602949,0.057495244397051004,0.08747346679704374,177.75,177.06,0.6212392165660848
4.7365195751190186,1,0.6,0.5416179746860628,0.058382025313937214,0.0968053349863472,177.75,177.06,0.6229895410537709
4.762078762054443,1,0.6,0.5408634491328336,0.059136550867166404,0.09601980583629048,177.75,177.07,0.5023529400553899
4.787790775299072,1,0.6,0.5401596702277316,0.059840329772268386,0.09596275345894974,177.75,177.07,0.62144897270203
4.813107013702393,1,0.6,0.5395622731331978,0.060437726866802155,0.0953060344250287,177.75,177.08,0.5015012866462492
4.839096784591675,1,0.6,0.5405456209067122,0.05945437909328777,0.082647045130809,177.75,177.07,0.7437539448846918
4.872345209121704,1,0.6,0.5405456209067122,0.05945437909328777,0.09053932138354952,177.75,177.08,0.532812140636628
4.896694183349609,1,0.6,0.5438415063336762,0.05615849366632375,0.06300153922986104,177.75,177.07,0.7499665797296525
4.922039747238159,1,0.6,0.5438415063336762,0.05615849366632375,0.08969125913852251,177.75,177.07,0.6305456144809759
4.955648899078369,1,0.6,0.5525526432024848,0.04744735679751522,0.035319765583522816,177.75,177.11,0.2556509937800329
4.98119854927063,1,0.6,0.5560274273232343,0.04397257267676569,0.05843562034006179,177.75,177.16,-0.009452584819366727
5.014130115509033,1,0.6,0.5630355941760125,0.03696440582398752,0.042194569729253006,177.75,177.12,0.9703052114309735
5.0393149852752686,1,0.6,0.5663250206960322,0.03367497930396779,0.05706296592537735,177.75,177.14,0.3645786868156246
5.073073148727417,1,0.6,0.569248658454219,0.030751341545780964,0.06503895250834443,177.75,177.13,0.6987773643983257
5.106393575668335,1,0.6,0.5737097537973211,0.026290246202678835,0.054288555314843306,177.75,177.12,0.7070440184148592
5.140357255935669,1,0.6,0.5758326531956198,0.024167346804380152,0.06796866853898864,177.75,177.12,0.6191488695144632
5.165995359420776,1,0.6,0.5761555472724776,0.023844452727522336,0.07778507954151104,177.75,177.13,0.4941000147285686
5.189308404922485,1,0.6,0.5760111592912479,0.02398884070875207,0.08166421417020359,177.75,177.14,0.4885796003285548
5.22121787071228,1,0.6,0.574926318221479,0.025073681778520984,0.08763960054650473,177.75,177.15,0.5150581434393082
5.245625972747803,1,0.6,0.574314040322269,0.02568595967773102,0.08607214282415496,177.75,177.13,0.8664074498976567
5.269710540771484,1,0.6,0.5737625013615486,0.026237498638451373,0.08583221458754406,177.75,177.12,0.7516658511537994
5.294662714004517,1,0.6,0.5736437716716726,0.026356228328327402,0.08227235432218864,177.75,177.11,0.753931710621774
5.328207731246948,1,0.6,0.575362838212164,0.024637161787835926,0.07059698813509274,177.75,177.11,0.6358485832214289
5.354078054428101,1,0.6,0.578932656722224,0.02106734327777593,0.05220481606382982,177.75,177.15,0.15354884699621846
5.377490043640137,1,0.6,0.578932656722224,0.02106734327777593,0.0798272657692763,177.75,177.18,0.21931686180926124
5.402918100357056,1,0.6,0.581303400388795,0.018696599611204956,0.06049313764182947,177.75,177.19,0.48217934099688664
5.428471803665161,1,0.6,0.5839484318113072,0.0160515681886928,0.05766506664055179,177.75,177.17,0.8464409987615789
5.453350782394409,1,0.6,0.5867862422742308,0.01321375772576916,0.0547189894692091,177.75,177.14,0.9899101731849231
5.486621379852295,1,0.6,0.5930379205829918,0.006962079417008216,0.038087185454526454,177.75,177.15,0.5349855192513493
8.763833999633789,2,0.6,-0.0,0.6,0.0,-93.31,-93.31,0.0
8.78991174697876,2,0.6,-5.874513988343632e-05,0.6000587451398834,0.8,-93.31,-93.31,0.0
8.81487774848938,2,0.6,-5.874513988343632e-05,0.6000587451398834,0.18154908593624108,-93.31,-93.31,0.0
8.838581562042236,2,0.6,-0.0001603104634304655,0.6001603104634304,0.18314781338443933,-93.31,-93.31,0.0
8.86345887184143,2,0.6,-0.0001603104634304655,0.6001603104634304,0.18303737863698663,-93.31,-93.31,0.0
8.896817207336426,2,0.6,0.00019908896822209656,0.5998009110317779,0.18177519644360665,-93.31,-93.32,0.09496590309472679
8.921709299087524,2,0.6,0.0011574874526289298,0.5988425125473711,0.17668735394921958,-93.31,-93.34,0.25614844455292474
8.947008609771729,2,0.6,0.002818759844121051,0.5971812401558789,0.17151186547942898,-93.31,-93.35,0.13878953775368705
8.972248315811157,2,0.6,0.005260463152281705,0.5947395368477183,0.16531474083962913,-93.31,-93.34,-0.10357538739013301
8.996525764465332,2,0.6,0.00861543523040162,0.5913845647695983,0.15673563812841546,-93.31,-93.36,0.2725492767281845
9.021647930145264,2,0.6,0.012650259855321047,0.5873497401446789,0.15137404363065132,-93.31,-93.38,0.2773638371462896
9.046738147735596,2,0.6,0.017395464362373707,0.5826045356376263,0.14584031612614445,-93.31,-93.43,0.6515098442213133
9.07172179222107,2,0.6,0.022850806992291556,0.5771491930077084,0.1386218538599376,-93.31,-93.42,-0.06391892875743808
9.096790313720703,2,0.6,0.034877388234038624,0.5651226117659613,0.08344386527917816,-93.31,-93.41,-0.06826168149384887
9.12208342552185,2,0.6,0.04086531099006539,0.5591346890099346,0.13025715977537655,-93.31,-93.43,0.30237876069306785
9.146960020065308,2,0.6,0.04672576014877936,0.5532742398512206,0.13079499586127663,-93.31,-93.41,-0.1857632955697375
9.172003507614136,2,0.6,0.05219842425957708,0.5478015757404229,0.13257306094749455,-93.31,-93.38,-0.32223768996536767
9.20637845993042,2,0.6,0.06096714749689728,0.5390328525031027,0.12355609598143574,-93.31,-93.4,0.2219922479917522
9.231854677200317,2,0.6,0.06392971546553296,0.536070284534467,0.15045640916523512,-93.31,-93.45,0.6776832520055746
9.265417337417603,2,0.6,0.06765736677731334,0.5323426332226866,0.15237014148882294,-93.31,-93.43,-0.11202411271861079
9.299679279327393,2,0.6,0.06898786711268463,0.5310121328873153,0.1668870827528644,-93.31,-93.44,0.15621073010950492
9.332530736923218,2,0.6,0.06904124799659013,0.5309587520034098,0.17517241877386872,-93.31,-93.43,-0.027275912501683472
9.357601881027222,2,0.6,0.06939586055496073,0.5306041394450393,0.1732280542856475,-93.31,-93.44,0.1907659195691701
9.381489992141724,2,0.6,0.06939586055496073,0.5306041394450393,0.1767023533433449,-93.31,-93.47,0.4559234954985745
9.405627489089966,2,0.6,0.07027133777380638,0.5297286622261936,0.1698249418227209,-93.31,-93.49,0.34376382347764395
9.431408882141113,2,0.6,0.0717834377848059,0.5282165622151941,0.16534654438621219,-93.31,-93.5,0.21918662462521682
9.456222534179688,2,0.6,0.07691873687055883,0.5230812631294411,0.13579103516226992,-93.31,-93.51,0.22483421373646012
9.484458684921265,2,0.6,0.0805440776643822,0.5194559223356178,0.1503816233754555,-93.31,-93.53,0.32928926138762815
9.518122673034668,2,0.6,0.0900123783243257,0.5099876216756742,0.11782645616577994,-93.31,-93.58,0.5882846410994129
9.54208254814148,2,0.6,0.0954829007160534,0.5045170992839466,0.12737748293882606,-93.31,-93.61,0.5340514335048568
9.575160264968872,2,0.6,0.10681964609345507,0.4931803539065449,0.10191003643787391,-93.31,-93.62,0.25514433932245195
9.608356952667236,2,0.6,0.11228826852538079,0.4877117314746192,0.1360566094894049,-93.31,-93.58,-0.2228131371267237
9.640848159790039,2,0.6,0.12185144767578741,0.47814855232421255,0.10973472140856425,-93.31,-93.6,0.3376024881302378
9.665855884552002,2,0.6,0.12579699982548972,0.4742030001745102,0.13538723266965297,-93.31,-93.6,0.15701382207870068
9.696822166442871,2,0.6,0.13326575006277236,0.4667342499372276,0.1171859730182152,-93.31,-93.56,-0.24973029130402918
9.729109525680542,2,0.6,0.13326575006277236,0.4667342499372276,0.16616880494337471,-93.31,-93.56,0.13858594822883588
9.762434959411621,2,0.6,0.13509904838332878,0.4649009516166712,0.1554001624625787,-93.31,-93.56,0.13941972780227643
9.786332845687866,2,0.6,0.13537915865731012,0.4646208413426899,0.16456209860232562,-93.31,-93.59,0.5263743822631531
9.819807052612305,2,0.6,0.1355199120566308,0.46448008794336915,0.16676738247994377,-93.31,-93.62,0.43999989476018647
9.844181537628174,2,0.6,0.13576759503547642,0.46423240496452356,0.16606750164040832,-93.31,-93.68,0.940515165341225
9.86874771118164,2,0.6,0.13643111305507408,0.46356888694492593,0.16306828210339963,-93.31,-93.7,0.45723438645499725
9.902609586715698,2,0.6,0.13968245203813104,0.46031754796186897,0.14885321011434716,-93.31,-93.71,0.30889536616661906
9.934401750564575,2,0.6,0.1459687195551429,0.4540312804448571,0.1280121533068352,-93.31,-93.71,0.22062226700782328
9.961076736450195,2,0.6,0.15020419748465844,0.44979580251534157,0.13427749205545741,-93.31,-93.72,0.34057697069566195
9.985781192779541,2,0.6,0.15529460861523184,0.44470539138476817,0.12479433726345676,-93.31,-93.72,0.22772882413863943
10.010433435440063,2,0.6,0.16078839412651336,0.4392116058734866,0.11978420813523036,-93.31,-93.73,0.3554570006590954
10.035760641098022,2,0.6,0.1773363373987172,0.42266366260128274,0.027579734239970677,-93.31,-93.78,0.8597371229478395
10.061104536056519,2,0.6,0.18222188573410852,0.41777811426589145,0.12038891951481191,-93.31,-93.75,-0.10941929802930384
10.085793018341064,2,0.6,0.18222188573410852,0.41777811426589145,0.15949581869568116,-93.31,-93.73,-0.006748876194176273
10.111262559890747,2,0.6,0.1865794730049589,0.41342052699504106,0.12461434292751529,-93.31,-93.75,0.4829914749897328
10.135447263717651,2,0.6,0.19299205935389158,0.4070079406461084,0.10408678943285893,-93.31,-93.8,0.8965701135109869
10.159753799438477,2,0.6,0.19491941702294713,0.40508058297705285,0.14161398796590405,-93.31,-93.8,0.27560428118705466
10.184422016143799,2,0.6,0.19608267830253603,0.40391732169746397,0.1479241345341784,-93.31,-93.78,0.023535728429220776
10.21747899055481,2,0.6,0.19699116019921337,0.4030088398007866,0.1522524969054016,-93.31,-93.79,0.36410282926690446
10.251415014266968,2,0.6,0.19693183767663391,0.40306816232336606,0.15879282618077614,-93.31,-93.8,0.3704489796267429
10.284441947937012,2,0.6,0.19685312590165868,0.40314687409834127,0.1596057258866975,-93.31,-93.82,0.46919206726525764
10.31888198852539,2,0.6,0.19752431770801826,0.4024756822919817,0.15567273667831824,-93.31,-93.86,0.6666589914803893
10.3518807888031,2,0.6,0.1987762740801283,0.40122372591987165,0.15243330245563558,-93.31,-93.87,0.41011925458764925
10.376233100891113,2,0.6,0.2006042081447068,0.39939579185529317,0.14484364306697994,-93.31,-93.89,0.578237415184528
10.402067184448242,2,0.6,0.20682735321953535,0.3931726467804646,0.1103191804366164,-93.31,-93.92,0.6968070976697762
10.437905311584473,2,0.6,0.21558436099122166,0.3844156390087783,0.10675499074443631,-93.31,-93.91,0.26025298296700744
10.463199377059937,2,0.6,0.22073236249628647,0.3792676375037135,0.1142902010830733,-93.31,-93.91,0.3470405716896025
10.487155675888062,2,0.6,0.22603242329532383,0.3739675767046762,0.11180506968507566,-93.31,-93.87,-0.15321601229751658
10.521601438522339,2,0.6,0.23621341336818452,0.36378658663181546,0.09185922938918939,-93.31,-93.88,0.42384897962193935
10.553630352020264,2,0.6,0.24484427011966406,0.35515572988033595,0.09690243411777869,-93.31,-93.92,0.7258044014803579
10.57892918586731,2,0.6,0.24824304933512556,0.35175695066487445,0.12245924597976073,-93.31,-93.92,0.35889833164215024
10.61300802230835,2,0.6,0.251126160334376,0.34887383966562396,0.13213758858734412,-93.31,-93.9,0.1748466338453817
10.6378755569458,2,0.6,0.25554860219549774,0.34445139780450224,0.11177813071783202,-93.31,-93.93,0.7375132299915192
10.671589612960815,2,0.6,0.2558734326129446,0.3441265673870554,0.14674595266403978,-93.31,-93.94,0.4621317514491676
10.705785274505615,2,0.6,0.25576147440086966,0.3442385255991303,0.14991898925097283,-93.31,-93.93,0.2839650089139253
10.729877948760986,2,0.6,0.2554938247869322,0.34450617521306776,0.15198131243454754,-93.31,-93.93,0.3731891820430775
10.754653930664062,2,0.6,0.2554938247869322,0.34450617521306776,0.1501862523736734,-93.31,-93.92,0.24861550760481788
10.779966354370117,2,0.6,0.25573376003146187,0.3442662399685381,0.14865419208480052,-93.31,-93.95,0.7418771392886752
10.804414510726929,2,0.6,0.25652665160817434,0.34347334839182564,0.1442456697140948,-93.31,-93.95,0.3878851940631866
10.829835891723633,2,0.6,0.2579594624615026,0.3420405375384974,0.13946440700030646,-93.31,-93.97,0.6355848012229881
10.862923860549927,2,0.6,0.26314220079248707,0.3368577992075129,0.11841234268790213,-93.31,-94.01,0.7845487503623096
10.896366119384766,2,0.6,0.271312670171463,0.328687329828537,0.09897468740514473,-93.31,-94.05,0.8031813264271004
10.921563625335693,2,0.6,0.2761624947272567,0.3238375052727433,0.10829639703062266,-93.31,-94.01,-0.05011989392529942
10.946869611740112,2,0.6,0.2866118796084648,0.3133881203915352,0.06146830000210647,-93.31,-94.01,0.4278891346454631
10.972102880477905,2,0.6,0.291709387143104,0.30829061285689596,0.10201305966076762,-93.31,-93.99,0.17891049072897652
10.99691390991211,2,0.6,0.2964498047768747,0.30355019522312526,0.10411592355827329,-93.31,-93.94,-0.20110276012924888
11.031042337417603,2,0.6,0.30065723271355455,0.29934276728644543,0.11614307329466435,-93.31,-93.96,0.5863700645988102
11.055773973464966,2,0.6,0.3072739366632593,0.29272606333674067,0.08688375505168479,-93.31,-93.93,0.03712943972907218
11.081394910812378,2,0.6,0.3094201821239148,0.29057981787608517,0.1224666090034503,-93.31,-93.95,0.6407402252866267
11.10685658454895,2,0.6,0.3107690847580039,0.28923091524199607,0.12858844013139897,-93.31,-93.94,0.28533669380250226
11.132036924362183,2,0.6,0.31149613479076693,0.28850386520923305,0.13355436629633707,-93.31,-93.96,0.6530787002848631
11.16578722000122,2,0.6,0.31159019413926603,0.28840980586073395,0.13923020406779868,-93.31,-93.96,0.41699133253097065
11.190508604049683,2,0.6,0.31113863531891633,0.28886136468108364,0.14393329217588285,-93.31,-93.96,0.41859822249412065
11.21424150466919,2,0.6,0.310330731792108,0.28966926820789196,0.14767451377453003,-93.31,-94.01,1.0772935208964252
11.239260911941528,2,0.6,0.3104294102021751,0.28957058979782485,0.14041003962799098,-93.31,-94.05,0.9467386310834871
11.271562576293945,2,0.6,0.31104548897654116,0.2889545110234588,0.1376661838097467,-93.31,-94.07,0.6653148308381599
11.298118352890015,2,0.6,0.3142885767901402,0.28571142320985976,0.11599008768652452,-93.31,-94.07,0.4815464017391154
11.331273317337036,2,0.6,0.31694916788990074,0.28305083211009924,0.12474545348499433,-93.31,-94.08,0.578287020214481
11.365041732788086,2,0.6,0.32423937317674917,0.2757606268232508,0.09565901970548965,-93.31,-94.04,0.11624099520746295
11.39828372001648,2,0.6,0.33389834382374284,0.26610165617625714,0.0782681968567923,-93.31,-94.04,0.4740293152332321
11.423675298690796,2,0.6,0.3390628476677235,0.2609371523322765,0.09448433038409931,-93.31,-94.04,0.4758829004764572
11.457170963287354,2,0.6,0.34880053008969236,0.2511994699103076,0.07451965990916942,-93.31,-94.08,0.8567173854963639
11.482134580612183,2,0.6,0.3531423602160369,0.24685763978396308,0.09622122127271704,-93.31,-94.07,0.37518441020556703
11.515551090240479,2,0.6,0.35990212709584635,0.24009787290415363,0.08914889761136437,-93.31,-94.07,0.49783743953704324
11.540251731872559,2,0.6,0.3635138524642338,0.2364861475357662,0.10093358276483094,-93.31,-94.06,0.3771500893658077
11.564995288848877,2,0.6,0.3641673871662856,0.23583261283371437,0.1240628982957837,-93.31,-94.07,0.6228748891960594
11.590658187866211,2,0.6,0.3643111952908002,0.23568880470919978,0.1284109758279875,-93.31,-94.08,0.6314632119123127
11.614583253860474,2,0.6,0.36401227314711915,0.23598772685288083,0.1323501252213924,-93.31,-94.07,0.3863220639193496
11.640140056610107,2,0.6,0.36349561797723,0.23650438202276997,0.1345367535841861,-93.31,-94.06,0.38305410019188824
11.672372817993164,2,0.6,0.36302466990448445,0.23697533009551552,0.13384332382656902,-93.31,-94.05,0.4077965946531793
11.696951627731323,2,0.6,0.36264126215886816,0.23735873784113182,0.1344836083297251,-93.31,-94.11,1.2640303263377612
11.730746507644653,2,0.6,0.36310107214867576,0.23689892785132421,0.12890495895701756,-93.31,-94.11,0.5343957688808421
11.756437063217163,2,0.6,0.3657693370351983,0.23423066296480166,0.10994338298673544,-93.31,-94.12,0.6604884191760655
11.780341625213623,2,0.6,0.3681323285683836,0.23186767143161635,0.1113227116049694,-93.31,-94.12,0.5434129734039311
11.806028127670288,2,0.6,0.37111544055480716,0.22888455944519281,0.10686666645245688,-93.31,-94.1,0.30185649374035506
11.830662488937378,2,0.6,0.37466396953345726,0.2253360304665427,0.10049714838622822,-93.31,-94.08,0.2837768214882642
11.85551929473877,2,0.6,0.38315835632375606,0.21684164367624392,0.05868135215654961,-93.31,-94.07,0.40353687844458447
11.8805410861969,2,0.6,0.3877238611149824,0.21227613888501756,0.089431615210423,-93.31,-94.1,0.9008913679701631
11.904106616973877,2,0.6,0.39246040488159517,0.2075395951184048,0.08401876973318959,-93.31,-94.1,0.5430424973964645
11.935527324676514,2,0.6,0.3970236001420375,0.20297639985796245,0.09428139424607193,-93.31,-94.11,0.6471970277818612
11.959075927734375,2,0.6,0.405249182553007,0.19475081744699296,0.0535941648393162,-93.31,-94.1,0.4236839733738684
11.990974426269531,2,0.6,0.40842411929187267,0.1915758807081273,0.10090519328406582,-93.31,-94.09,0.4508799460491075
12.015463590621948,2,0.6,0.4137146063443461,0.18628539365565389,0.0762458837784875,-93.31,-94.05,0.03672782110359818
12.048281192779541,2,0.6,0.4137146063443461,0.18628539365565389,0.11975831429382336,-93.31,-94.05,0.5291689605712857
12.081020593643188,2,0.6,0.41396551186009967,0.1860344881399003,0.1184548320450793,-93.31,-94.06,0.6282571248751798
12.114563703536987,2,0.6,0.41272370661724955,0.18727629338275043,0.1280784429727723,-93.31,-94.06,0.5391401488780968
12.148250341415405,2,0.6,0.41198453154787057,0.1880154684521294,0.1256011772590942,-93.31,-94.07,0.6357564157959749
12.182045459747314,2,0.6,0.4113365289135108,0.18866347108648918,0.12561139320379267,-93.31,-94.09,0.739394449086152
12.214968204498291,2,0.6,0.4129596001829073,0.1870403998170927,0.1118284232215012,-93.31,-94.08,0.4670564932491254
12.239572048187256,2,0.6,0.4148756519573109,0.18512434804268907,0.1056244712958769,-93.31,-94.07,0.4318086486796174
12.26481318473816,2,0.6,0.4175544775440754,0.1824455224559246,0.09940043199186832,-93.31,-94.08,0.6795379862008005
12.298506259918213,2,0.6,0.4248830517647333,0.1751169482352667,0.07522078145870449,-93.31,-94.13,1.0336425544787935
12.33281660079956,2,0.6,0.42927248894802333,0.17072751105197664,0.09178768852507964,-93.31,-94.1,0.31052367377611173
12.36564564704895,2,0.6,0.44366899031530777,0.1563310096846922,0.02705083113789926,-93.31,-94.08,0.38825479969411075
12.390403270721436,2,0.6,0.44366899031530777,0.1563310096846922,0.11382967018487117,-93.31,-94.08,0.5705910570621462
12.415102243423462,2,0.6,0.45520309251284347,0.1447969074871565,0.01715083171454146,-93.31,-94.11,0.9519545997636936
12.440493822097778,2,0.6,0.45783563361976837,0.1421643663802316,0.08920343785445992,-93.31,-94.13,0.8359479012309622
12.474394083023071,2,0.6,0.4608274063466318,0.1391725936533682,0.09144483642278556,-93.31,-94.08,0.13025387786575332
12.499481678009033,2,0.6,0.4611808641396104,0.13881913586038958,0.10656550784240658,-93.31,-94.07,0.45619133456708083
12.531506061553955,2,0.6,0.4610612321407735,0.1389387678592265,0.11035093061126326,-93.31,-94.09,0.7740208583528293
12.559243202209473,2,0.6,0.46071908024244673,0.13928091975755325,0.11236671109665386,-93.31,-94.4,4.0975920571359
12.58351731300354,2,0.6,0.4604337735242015,0.13956622647579847,0.11250530041695866,-93.31,-94.47,1.647621995475244
12.618241310119629,2,0.6,0.4605196556507967,0.13948034434920326,0.10986559912474307,-93.31,-94.47,0.7864726166725132
12.642662286758423,2,0.6,0.46110544884909715,0.13889455115090282,0.10559915178777003,-93.31,-94.35,-0.7346518895582091
12.668105363845825,2,0.6,0.4620387582017022,0.13796124179829777,0.10282173393831645,-93.31,-94.21,-1.0114131262196502
12.701229333877563,2,0.6,0.4646609803676532,0.1353390196323468,0.09417456557177784,-93.31,-94.23,0.851994111629826
12.734785079956055,2,0.6,0.4679770061292675,0.13202299387073246,0.08916015196435412,-93.31,-94.22,0.5830486560812576
12.76009225845337,2,0.6,0.46984273174495966,0.13015726825504031,0.093784774152813,-93.31,-94.23,0.7983238225621679
12.79374623298645,2,0.6,0.4717036704873699,0.1282963295126301,0.0971277612164994,-93.31,-94.21,0.4945242059203896
12.819016218185425,2,0.6,0.47586811042867205,0.12413188957132792,0.07352856451467416,-93.31,-94.18,0.2972925087459794
12.843953371047974,2,0.6,0.4780953771950868,0.12190462280491315,0.08903493770823198,-93.31,-94.09,-0.44639593915032716
12.876984596252441,2,0.6,0.48267161049826907,0.11732838950173091,0.07769066382666873,-93.31,-94.04,0.14024425445258526
12.903647899627686,2,0.6,0.4848988772646838,0.1151011227353162,0.08784350696773899,-93.31,-94.04,0.5962685825824747
12.928242683410645,2,0.6,0.4869170717453305,0.11308292825466948,0.08811380687019907,-93.31,-94.05,0.724265100176651
12.960840225219727,2,0.6,0.49244980357311763,0.10755019642688235,0.06935193685569138,-93.31,-94.03,0.4133853743026574
12.98641061782837,2,0.6,0.49409936049897585,0.10590063950102413,0.08946853132307458,-93.31,-94.04,0.7214642378783385
13.010488986968994,2,0.6,0.49575832335968395,0.10424167664031603,0.08864311742867374,-93.31,-94.06,0.8593343232662322
13.035155773162842,2,0.6,0.49723989603534985,0.10276010396465013,0.0898712687323587,-93.31,-94.05,0.4893508975055158
13.060845613479614,2,0.6,0.4987080210972938,0.10129197890270619,0.08998558897702214,-93.31,-94.06,0.7362509991029553
13.08565640449524,2,0.6,0.500147928354688,0.09985207164531196,0.0898186687909085,-93.31,-94.08,0.8683009374151514
13.110501766204834,2,0.6,0.5015367642589607,0.09846323574103932,0.08979133289690024,-93.31,-94.08,0.6317228863239258
13.14406132698059,2,0.6,0.5042739254146266,0.09572607458537341,0.08399839277384304,-93.31,-94.05,0.3510263834781104
13.169153928756714,2,0.6,0.5042739254146266,0.09572607458537341,0.10043075210555456,-93.31,-94.05,0.6210631463527644
13.19415807723999,2,0.6,0.5085130354520321,0.0914869645479679,0.06536614302438644,-93.31,-93.97,-0.3771273045195469
13.228155612945557,2,0.6,0.5100562401810613,0.08994375981893865,0.08988499579983071,-93.31,-93.95,0.3984058828199132
13.262041330337524,2,0.6,0.5138228378093473,0.08617716219065263,0.07536174330479045,-93.31,-93.95,0.5770211288928979
13.295804977416992,2,0.6,0.5181037810767384,0.0818962189232616,0.07150779272300258,-93.31,-94.0,1.0480048195367793
13.319959878921509,2,0.6,0.5203058847637972,0.07969411523620273,0.07842603260205669,-93.31,-94.04,1.112311140016314
13.354260444641113,2,0.6,0.5245856732657964,0.07541432673420356,0.07015954636598805,-93.31,-94.04,0.6286598799228678
13.38712763786316,2,0.6,0.5283469066381045,0.07165309336189551,0.07121608839817367,-93.31,-94.02,0.4384405943795201
13.412528038024902,2,0.6,0.5283469066381045,0.07165309336189551,0.09419455243314606,-93.31,-94.02,0.6227968790531118
13.44613790512085,2,0.6,0.5313415662784479,0.06865843372155211,0.07559141270122588,-93.31,-93.97,0.15371762017293727
13.471799850463867,2,0.6,0.5326469035344633,0.06735309646553667,0.08293302348159612,-93.31,-93.96,0.47977853551233507
13.505425453186035,2,0.6,0.5349117940402777,0.06508820595972231,0.07906509211266544,-93.31,-93.95,0.504617463660059
13.539724111557007,2,0.6,0.5369518551158181,0.06304814488418187,0.08002837658843054,-93.31,-93.94,0.50272140358769
13.572903633117676,2,0.6,0.5380089320102921,0.06199106798970788,0.08550455961455741,-93.31,-93.96,0.7823332425776847
13.598000288009644,2,0.6,0.5405798410638535,0.059420158936146494,0.07063335386181858,-93.31,-93.96,0.6047845749854988
13.622599124908447,2,0.6,0.5420936732229411,0.05790632677705887,0.07843032673625613,-93.31,-93.95,0.4794019148432366
13.647325277328491,2,0.6,0.5438060169675546,0.05619398303244538,0.07644379050034951,-93.31,-93.96,0.7292951268646516
13.672488689422607,2,0.6,0.5455477332821099,0.05445226671789005,0.07599700810058434,-93.31,-93.96,0.6096017222404426
13.69715166091919,2,0.6,0.5494222474435989,0.05057775255640107,0.05732058162144501,-93.31,-93.96,0.6112048153877204
13.722987651824951,2,0.6,0.5513465503874606,0.04865344961253937,0.07283222937863708,-93.31,-93.96,0.6128301160335486
13.757039785385132,2,0.6,0.5551604194492641,0.04483958055073589,0.06529153100232193,-93.31,-93.96,0.6150975434780066
13.781998634338379,2,0.6,0.5570348058053961,0.04296519419460387,0.07144320487020708,-93.31,-93.95,0.4899932334044935
13.815727233886719,2,0.6,0.5605140289439209,0.039485971056079094,0.06522578769232819,-93.31,-93.94,0.5206699257005755
13.840316772460938,2,0.6,0.5621253847476836,0.03787461525231639,0.07212905729823665,-93.31,-93.92,0.3563132635764173
13.874054908752441,2,0.6,0.564908085188779,0.03509191481122098,0.06796359585692494,-93.31,-93.92,0.6023774952888474
13.907109260559082,2,0.6,0.5662281926356223,0.03377180736437768,0.07613175856377992,-93.31,-93.92,0.6043938107490525
13.931772947311401,2,0.6,0.5673937634459952,0.03260623655400474,0.07435807643859102,-93.31,-93.9,0.3525763359050239
13.956796407699585,2,0.6,0.5694672387703494,0.03053276122965054,0.06665370064592153,-93.31,-93.9,0.5973253524303441
13.98177456855774,2,0.6,0.5704947752831676,0.029505224716832368,0.07472706059567957,-93.31,-93.9,0.5987990639209753
14.007035255432129,2,0.6,0.5715276760519638,0.028472323948036227,0.07450270025439089,-93.31,-93.9,0.6002894444465643
14.040774822235107,2,0.6,0.573588858527988,0.026411141472011956,0.06988863981102562,-93.31,-93.91,0.6962301942195995
14.06483793258667,2,0.6,0.5746459354224619,0.025354064577538082,0.07303434251679972,-93.31,-93.89,0.3493651541880912
14.090064764022827,2,0.6,0.576941521075324,0.02305847892467594,0.06296106628524291,-93.31,-93.87,0.3522801830978816
14.113961458206177,2,0.6,0.576941521075324,0.02305847892467594,0.08118817332241031,-93.31,-93.85,0.33033184863613496
14.137682914733887,2,0.6,0.5795254681716253,0.020474531828374665,0.05865153622259826,-93.31,-93.84,0.45120205779692363
14.16197919845581,2,0.6,0.5809436766458397,0.0190563233541603,0.06836067771276928,-93.31,-93.84,0.5789575431346887
14.19475269317627,2,0.6,0.5842756273636739,0.01572437263632609,0.058727939062497486,-93.31,-93.88,0.9669751718427786
14.226340770721436,2,0.6,0.5860173436782291,0.01398265632177087,0.06753303046920278,-93.31,-93.89,0.7026302821552951
14.25217890739441,2,0.6,0.5878412360639358,0.012158763936064187,0.06369627220503483,-93.31,-93.87,0.3633331396479794
14.285706996917725,2,0.6,0.5935208307414314,0.006479169258568618,0.04284352567292119,-93.31,-93.86,0.5074932542609208
17.574535608291626,3,0.6,0.0,0.6,0.0,-4.86,-4.86,0.0
17.608093738555908,3,0.6,-2.7350500905162936e-05,0.6000273505009052,0.8,-4.86,-4.86,0.0
17.63285183906555,3,0.6,-2.7350500905162936e-05,0.6000273505009052,0.18175777182239544,-4.86,-4.86,0.0
17.657929182052612,3,0.6,-0.0001418357838538923,0.6001418357838538,0.18345767305987373,-4.86,-4.86,0.0
17.683170795440674,3,0.6,-0.00024805144638916543,0.6002480514463892,0.18417742832995884,-4.86,-4.86,0.0
17.71568489074707,3,0.6,-0.00016833907153762892,0.6001683390715377,0.18380227011153993,-4.86,-4.86,0.0
17.74101972579956,3,0.6,0.00024591483032608335,0.5997540851696739,0.18165104838632262,-4.86,-4.91,0.617196840368255
17.773658990859985,3,0.6,0.0013553128842772023,0.5986446871157228,0.17876749152884613,-4.86,-4.92,0.12223634405221367
17.799046993255615,3,0.6,0.005851399978379007,0.594148600021621,0.14955182233960496,-4.86,-4.98,0.7696234751337221
17.832382678985596,3,0.6,0.009390736062461283,0.5906092639375387,0.16365891243503708,-4.86,-4.99,0.15605417868611682
17.857410430908203,3,0.6,0.018952315670105514,0.5810476843298945,0.10634425405516075,-4.86,-4.93,-0.6829659069077131
17.89061212539673,3,0.6,0.024698144687370138,0.5753018553126299,0.14737171220185452,-4.86,-4.97,0.4180282789227142
17.916104555130005,3,0.6,0.03676707273815238,0.5632329272618476,0.08439423478685033,-4.86,-4.94,-0.3112411043144509
17.940871238708496,3,0.6,0.04283514010770894,0.557164859892291,0.12894828346455406,-4.86,-4.94,0.04200301551818851
17.966057300567627,3,0.6,0.0485203376306134,0.5514796623693866,0.13179347539882477,-4.86,-4.96,0.2904818777839091
17.99112606048584,3,0.6,0.05356295538717748,0.5464370446128225,0.13588090756087617,-4.86,-5.0,0.5512892694339577
18.01665186882019,3,0.6,0.06132321629588703,0.538676783704113,0.11366737710913934,-4.86,-4.97,-0.29469770618579577
18.04160475730896,3,0.6,0.06409193191913734,0.5359080680808627,0.15211709404492002,-4.86,-4.99,0.3086641346205003
18.066420078277588,3,0.6,0.06596134168564324,0.5340386583143567,0.15934385485524105,-4.86,-4.99,0.06853360939025872
18.099881649017334,3,0.6,0.06751339386738521,0.5324866061326148,0.16555908369991637,-4.86,-4.99,0.06896860980987543
18.124834775924683,3,0.6,0.06724755094334621,0.5327524490566538,0.17771089169627052,-4.86,-5.0,0.19454336706437536
18.15833616256714,3,0.6,0.06695415500660162,0.5330458449933984,0.17832590060915687,-4.86,-5.03,0.3626200543795318
18.18275547027588,3,0.6,0.06695415500660162,0.5330458449933984,0.17721189138626361,-4.86,-5.07,0.5918974159854303
18.208304166793823,3,0.6,0.06720264864261091,0.532797351357389,0.17582338093480462,-4.86,-5.1,0.4849211000240118
18.241929054260254,3,0.6,0.06999532591388061,0.5300046740861194,0.16128598133412547,-4.86,-5.16,0.6911663061704783
18.265586137771606,3,0.6,0.07261034476817714,0.5273896552318228,0.1559701515820753,-4.86,-5.16,0.15773676228523245
18.298311471939087,3,0.6,0.08016176571650259,0.5198382342834974,0.12942969328981802,-4.86,-5.15,0.06060337339883669
18.33017349243164,3,0.6,0.08533561050864324,0.5146643894913567,0.14357943762451844,-4.86,-5.16,0.25236946945744443
18.355391025543213,3,0.6,0.09724826298478842,0.5027517370152116,0.07814420797744678,-4.86,-5.1,-0.5835417202445023
18.380724668502808,3,0.6,0.10343565923880275,0.4965643407611972,0.1225488364158676,-4.86,-5.08,-0.11603450115867028
18.41452121734619,3,0.6,0.10950219752769806,0.4904978024723019,0.1339183569750726,-4.86,-5.08,0.12153654718399035
18.4393949508667,3,0.6,0.12049202468869967,0.4795079753113003,0.07928124702497212,-4.86,-5.14,0.876255405451944
18.473362684249878,3,0.6,0.1248520039796969,0.4751479960203031,0.1419362184931719,-4.86,-5.17,0.4290846541856334
18.49857497215271,3,0.6,0.13293107722179365,0.46706892277820633,0.10127968344384039,-4.86,-5.13,-0.32697514341427447
18.523120403289795,3,0.6,0.13382868865209524,0.46617131134790474,0.15835701935575153,-4.86,-5.13,0.1496459748744962
18.547285079956055,3,0.6,0.1340086861969321,0.4659913138030679,0.16463171771977891,-4.86,-5.16,0.5484815727252361
18.571002960205078,3,0.6,0.13354017348287853,0.4664598265171215,0.1707581497393548,-4.86,-5.17,0.2956988649467133
18.59514546394348,3,0.6,0.1326771324488736,0.4673228675511264,0.17475412885557062,-4.86,-5.21,0.6825962588562986
18.620235443115234,3,0.6,0.13175091828084437,0.4682490817191556,0.17607424419691536,-4.86,-5.24,0.5734019119436679
18.653971433639526,3,0.6,0.1306818186039391,0.46931818139606085,0.17592587879547,-4.86,-5.27,0.48742549654292755
18.678999423980713,3,0.6,0.1310038544444305,0.46899614555556945,0.16753132549196545,-4.86,-5.27,0.22529806637763938
18.704002141952515,3,0.6,0.13220906192444026,0.4677909380755597,0.16071299300498657,-4.86,-5.27,0.22632084155082663
18.728402376174927,3,0.6,0.13434665374284877,0.4656533462571512,0.15283934596458926,-4.86,-5.27,0.227324467182159
18.753102779388428,3,0.6,0.13754551780736912,0.46245448219263086,0.14405807237635382,-4.86,-5.26,0.10205874655726044
18.778436422348022,3,0.6,0.14653555537950957,0.4534644446204904,0.09695069387643238,-4.86,-5.26,0.22432930040359467
18.812275886535645,3,0.6,0.15225572832231196,0.44774427167768804,0.13298310087703819,-4.86,-5.25,0.13187582152877406
18.845723390579224,3,0.6,0.16485613970937157,0.4351438602906284,0.08803327407025895,-4.86,-5.38,1.459600319527984
18.8699631690979,3,0.6,0.17115612430809127,0.42884387569190874,0.11165884650869028,-4.86,-5.33,-0.3407761911751812
18.89530324935913,3,0.6,0.18253414427289302,0.4174658557271069,0.06973458153897089,-4.86,-5.3,-0.10550966578194049
18.91972303390503,3,0.6,0.18727086040619173,0.41272913959380825,0.1198259749737281,-4.86,-5.32,0.5064846250389718
18.94456720352173,3,0.6,0.19415682683119825,0.4058431731688017,0.10162515423890325,-4.86,-5.31,0.1361475217344671
18.969691514968872,3,0.6,0.19627194891622965,0.4037280510837703,0.13979389167176018,-4.86,-5.26,-0.37447152897294955
19.00230073928833,3,0.6,0.19745428163926104,0.40254571836073894,0.15007491363690942,-4.86,-5.27,0.3300513094398284
19.028053998947144,3,0.6,0.19780366798065746,0.4021963320193425,0.15488714798991868,-4.86,-5.25,-0.0060169608741958425
19.05321717262268,3,0.6,0.19751789696290567,0.4024821030370943,0.16047747525469677,-4.86,-5.28,0.5989748507386017
19.08602261543274,3,0.6,0.19605765781893478,0.4039423421810652,0.16824092327293272,-4.86,-5.3,0.44064479583681426
19.11128067970276,3,0.6,0.19535065268174737,0.40464934731825264,0.16587252071956668,-4.86,-5.33,0.6450434485444461
19.143728017807007,3,0.6,0.19513676660805365,0.4048632333919463,0.16206123163524747,-4.86,-5.35,0.464863111527936
19.169060707092285,3,0.6,0.19593494008159137,0.4040650599184086,0.15475347210328858,-4.86,-5.37,0.5336674775990059
19.189497232437134,3,0.6,0.1975486734827154,0.40245132651728455,0.145189477513038,-4.86,-5.42,1.0569437536785313
19.210663557052612,3,0.6,0.20007421842710454,0.39992578157289543,0.13678389917949563,-4.86,-5.43,0.4709048507611774
19.2370662689209,3,0.6,0.20812001067574631,0.39187998932425366,0.09780458766587288,-4.86,-5.47,0.8052796096984198
19.27147889137268,3,0.6,0.21331378356159988,0.38668621643840007,0.12767323308309914,-4.86,-5.45,0.16845655862452927
19.304585933685303,3,0.6,0.21907316799040724,0.38092683200959276,0.12162027804397607,-4.86,-5.46,0.44128501799025444
19.32951045036316,3,0.6,0.23104245557262504,0.36895754442737494,0.05881294956676844,-4.86,-5.43,-0.02025928829370305
19.362860441207886,3,0.6,0.24210263859702358,0.3578973614029764,0.0845808753299549,-4.86,-5.36,-0.3268004914635905
19.385989665985107,3,0.6,0.246717004850561,0.35328299514943895,0.11003233305799258,-4.86,-5.41,0.9776871128643774
19.420717239379883,3,0.6,0.25342680477323665,0.34657319522676333,0.1098794260442663,-4.86,-5.44,0.6053312053054122
19.446141242980957,3,0.6,0.25547472016993716,0.3445252798300628,0.13223541057297314,-4.86,-5.42,0.10159744037413826
19.48132848739624,3,0.6,0.2570956734664528,0.3429043265335472,0.13902090509688994,-4.86,-5.37,-0.12187041999932607
19.514430284500122,3,0.6,0.25613617830496854,0.34386382169503144,0.15497982041832176,-4.86,-5.35,0.12903248401459264
19.53819489479065,3,0.6,0.25522182512203917,0.3447781748779608,0.15769858805319065,-4.86,-5.36,0.438436187528808
19.571791172027588,3,0.6,0.25430174395836047,0.3456982560416395,0.15633751908932464,-4.86,-5.36,0.3138778698444366
19.596456050872803,3,0.6,0.253457783804847,0.34654221619515296,0.15838421393658203,-4.86,-5.41,0.9483866247022064
19.621412992477417,3,0.6,0.2539118938941364,0.3460881061058636,0.1481972812230208,-4.86,-5.4,0.21637507614268164
19.655122756958008,3,0.6,0.25716396704582467,0.3428360329541753,0.1318408661836067,-4.86,-5.44,0.719922240329522
19.68067502975464,3,0.6,0.2601802919258439,0.33981970807415607,0.12781800572031796,-4.86,-5.45,0.48016807848307114
19.713513374328613,3,0.6,0.2640280712728559,0.3359719287271441,0.12693046952815007,-4.86,-5.52,1.0417090055531604
19.739073753356934,3,0.6,0.27393947941151664,0.32606052058848334,0.07025552742188634,-4.86,-5.56,0.8934785338376281
19.7726469039917,3,0.6,0.27393947941151664,0.32606052058848334,0.148355775634468,-4.86,-5.55,0.33196135649875214
19.797690391540527,3,0.6,0.29135051699393916,0.3086494830060608,0.004472518209628684,-4.86,-5.58,0.7974964728289703
19.832563400268555,3,0.6,0.29674800939482937,0.3032519906051706,0.11147333618315859,-4.86,-5.57,0.34957117246975294
19.857341051101685,3,0.6,0.3055957689934957,0.29440423100650426,0.06872160994637982,-4.86,-5.59,0.68956006524227
19.881184339523315,3,0.6,0.3055957689934957,0.29440423100650426,0.14048984771146888,-4.86,-5.59,0.4491469182968137
19.907103300094604,3,0.6,0.3090074694066877,0.29099253059331226,0.11351754421057926,-4.86,-5.51,-0.5151314076220767
19.940147161483765,3,0.6,0.31335579022438564,0.28664420977561433,0.11269406537287742,-4.86,-5.52,0.5088009666078817
19.974587440490723,3,0.6,0.3130683247801909,0.28693167521980906,0.1412622401668868,-4.86,-5.51,0.32814385546165226
19.99922752380371,3,0.6,0.31089406311544165,0.2891059368845583,0.1586036067358074,-4.86,-5.54,0.8046280698414179
20.032617807388306,3,0.6,0.3096099904738018,0.2903900095261982,0.14905051559868976,-4.86,-5.58,0.8084767275937087
20.057968378067017,3,0.6,0.3074753824846777,0.29252461751532227,0.15958666049648712,-4.86,-5.54,-0.04489974246886286
20.08439540863037,3,0.6,0.3071512471941424,0.2928487528058576,0.1454244567596347,-4.86,-5.56,0.676059062860067
20.116281986236572,3,0.6,0.30896809257490115,0.2910319074250988,0.13167697505083145,-4.86,-5.52,0.059850547406016086
20.151774644851685,3,0.6,0.3112193224630371,0.2887806775369629,0.1298391359432582,-4.86,-5.52,0.4323175475597377
20.176204919815063,3,0.6,0.3189878158261412,0.28101218417385876,0.07847595801622972,-4.86,-5.56,0.9349247204589378
20.20173215866089,3,0.6,0.32405524244394607,0.2759447575560539,0.09889480720883143,-4.86,-5.56,0.45580904936790423
20.234678983688354,3,0.6,0.3354487147585341,0.26455128524146587,0.06866682911866297,-4.86,-5.57,0.5526079594638686
20.259782075881958,3,0.6,0.34138043464716644,0.25861956535283354,0.08787090390122693,-4.86,-5.6,0.8385703496795998
20.293917894363403,3,0.6,0.35254215507837294,0.24745784492162703,0.06680768046341018,-4.86,-5.58,0.2967381067970497
20.3182692527771,3,0.6,0.3572328448538763,0.24276715514612368,0.09256692651201827,-4.86,-5.62,0.9871429134955092
20.344587087631226,3,0.6,0.3610662215761241,0.23893377842387586,0.10112500249780379,-4.86,-5.62,0.4963574182987211
20.369437217712402,3,0.6,0.3640159844692333,0.2359840155307667,0.10558667675563216,-4.86,-5.59,0.11588715409911171
20.393670320510864,3,0.6,0.3658480796879777,0.23415192031202225,0.1144899430814554,-4.86,-5.6,0.612028533869554
20.426253080368042,3,0.6,0.3667355245596222,0.23326447544037776,0.12406519418030049,-4.86,-5.6,0.49237619590759235
20.450761556625366,3,0.6,0.3661109759487512,0.23388902405124878,0.135083092506988,-4.86,-5.63,0.8764832404039942
20.475762605667114,3,0.6,0.36401941048813796,0.23598058951186202,0.14764077910895068,-4.86,-5.61,0.26114849763575426
20.500468730926514,3,0.6,0.36300247017337867,0.2369975298266213,0.13973909718386046,-4.86,-5.61,0.5029913866519927
20.525667428970337,3,0.6,0.3622821121364491,0.23771788786355086,0.137739843288871,-4.86,-5.61,0.5048812890052794
20.550377130508423,3,0.6,0.3619480127990573,0.23805198720094267,0.1351209557530377,-4.86,-5.6,0.3803000037542881
20.575124502182007,3,0.6,0.3653342968156067,0.23466570318439328,0.10432442539997044,-4.86,-5.59,0.37729137035002513
20.600389003753662,3,0.6,0.36825142341668166,0.23174857658331832,0.10765931351073448,-4.86,-5.59,0.5003329482078549
20.625529527664185,3,0.6,0.36825142341668166,0.23174857658331832,0.1313941938993233,-4.86,-5.59,0.5021582858562466
20.65862488746643,3,0.6,0.37661182909862256,0.22338817090137741,0.07951354247544823,-4.86,-5.6,0.598901840466047
20.68388605117798,3,0.6,0.3815397590604372,0.2184602409395628,0.08841632090640317,-4.86,-5.62,0.7628437189879571
20.7173433303833,3,0.6,0.3917617099120717,0.20823829008792827,0.06495217922144067,-4.86,-5.61,0.43045845122255044
20.750422477722168,3,0.6,0.39683865838711274,0.20316134161288724,0.0934577749687189,-4.86,-5.58,0.2343812229427923
20.774973154067993,3,0.6,0.4015789658850978,0.1984210341149022,0.08187404490868683,-4.86,-5.59,0.6431520086135265
20.797762393951416,3,0.6,0.4093497983760655,0.19065020162393448,0.056810843170809394,-4.86,-5.64,1.1582061183776209
20.823758125305176,3,0.6,0.41196945832007037,0.1880305416799296,0.10016439289903198,-4.86,-5.57,-0.3009461487773897
20.856853485107422,3,0.6,0.41487912534793414,0.18512087465206584,0.10188971536236792,-4.86,-5.56,0.4120980836813739
20.88109302520752,3,0.6,0.41530439302167627,0.1846956069783237,0.11641184778349256,-4.86,-5.58,0.7583847079757737
20.90666151046753,3,0.6,0.4151125344917395,0.18488746550826046,0.12164328431244797,-4.86,-5.57,0.3954251473402867
20.931708097457886,3,0.6,0.4144994418423672,0.18550055815763278,0.1254543959649863,-4.86,-5.57,0.5145353958606719
20.956905126571655,3,0.6,0.4131250852436175,0.18687491475638246,0.1321153973943589,-4.86,-5.56,0.39223753239732156
20.990207195281982,3,0.6,0.4126879565847755,0.1873120434152245,0.12427478605443432,-4.86,-5.55,0.4185125369075928
21.015562534332275,3,0.6,0.41258323283688253,0.18741676716311745,0.12275325790059068,-4.86,-5.58,0.8855323580349387
21.039957284927368,3,0.6,0.4157403437757337,0.18425965622426627,0.09569394034979153,-4.86,-5.58,0.527179037094116
21.064117431640625,3,0.6,0.4157403437757337,0.18425965622426627,0.12141871427075451,-4.86,-5.6,0.7873097507327536
21.089080572128296,3,0.6,0.4182873087284779,0.18171269127152206,0.10047562521336706,-4.86,-5.61,0.6660163103875694
21.11455464363098,3,0.6,0.42525657889302226,0.17474342110697771,0.06429664253495496,-4.86,-5.61,0.5477496788501738
21.139791250228882,3,0.6,0.42953430416950367,0.1704656958304963,0.08344792074717222,-4.86,-5.63,0.8015641670196927
21.16475200653076,3,0.6,0.43394918697411167,0.1660508130258883,0.0820568846355695,-4.86,-5.66,0.931102677854441
21.197892665863037,3,0.6,0.4430591981321307,0.1569408018678693,0.05937688111330847,-4.86,-5.61,0.10156038649788213
21.222848653793335,3,0.6,0.4471567233519746,0.15284327664802538,0.0804781798050443,-4.86,-5.63,0.8065214799307098
21.256904125213623,3,0.6,0.453946640673103,0.146053359326897,0.07103713363341656,-4.86,-5.6,0.2852535736595876
21.28161311149597,3,0.6,0.45620146192592514,0.14379853807407483,0.09315015668515109,-4.86,-5.61,0.6794098724131605
21.315128803253174,3,0.6,0.45868969232255286,0.14131030767744712,0.09567124907748831,-4.86,-5.57,0.18481038127068922
21.340167999267578,3,0.6,0.45895787437445545,0.14104212562554452,0.10847342739917498,-4.86,-5.58,0.6694666019147933
21.373401641845703,3,0.6,0.45869775943116586,0.14130224056883411,0.112493730488234,-4.86,-5.57,0.45674406444205573
21.399276733398438,3,0.6,0.45747028472957957,0.1425297152704204,0.12096869371128564,-4.86,-5.58,0.669818662238403
21.423759937286377,3,0.6,0.45687308661961357,0.1431269133803864,0.11671380087004737,-4.86,-5.58,0.5556398341655728
21.45707130432129,3,0.6,0.45653495372791525,0.14346504627208473,0.11420589571739624,-4.86,-5.58,0.5580382525920865
21.48256778717041,3,0.6,0.45704078098973033,0.14295921901026964,0.10823844030267202,-4.86,-5.58,0.5598739993572233
21.5077006816864,3,0.6,0.4581868488900222,0.14181315110997778,0.10292058564580397,-4.86,-5.58,0.5616835677623746
21.53360366821289,3,0.6,0.46004544739645026,0.13995455260354972,0.09731387381776528,-4.86,-5.58,0.5635485827922818
21.55825161933899,3,0.6,0.4693577233208827,0.13064227667911726,0.03250882647062897,-4.86,-5.59,0.6935833032998744
21.582270622253418,3,0.6,0.4735133383954224,0.12648666160457755,0.07377323477485151,-4.86,-5.6,0.7004415393121867
21.607731342315674,3,0.6,0.4778425783326289,0.12215742166737109,0.07138070041750785,-4.86,-5.59,0.45123323197698306
21.63285207748413,3,0.6,0.4778425783326289,0.12215742166737109,0.10694048090381789,-4.86,-5.56,0.20157064100062738
21.656954050064087,3,0.6,0.48993672026825313,0.11006327973174684,0.007335931326253653,-4.86,-5.52,0.06549297110344077
21.69089651107788,3,0.6,0.4930242853909098,0.10697571460909017,0.08451307644650354,-4.86,-5.49,0.2643099024795859
21.718227863311768,3,0.6,0.4956002952710019,0.10439970472899807,0.08322565981356148,-4.86,-5.52,0.8755605408882228
21.74066948890686,3,0.6,0.4987031102316441,0.10129688976835588,0.07360637859770074,-4.86,-5.51,0.40904693148633264
21.76557683944702,3,0.6,0.4987031102316441,0.10129688976835588,0.10138484955704229,-4.86,-5.47,0.04246094880014156
21.79892063140869,3,0.6,0.4995894682122476,0.10041053178775239,0.09596986576596066,-4.86,-5.36,-0.5187758511660915
21.83226990699768,3,0.6,0.4996422722758143,0.10035772772418566,0.10112117428691622,-4.86,-5.34,0.28260043725720513
21.85673689842224,3,0.6,0.4990374492468556,0.10096255075314436,0.10668679844918981,-4.86,-5.36,0.7189660923963724
21.882244348526,3,0.6,0.49868277711433,0.10131722288566997,0.10475935519274736,-4.86,-5.38,0.7202895211835789
21.906871795654297,3,0.6,0.4985729700871085,0.10142702991289149,0.10302800711064929,-4.86,-5.4,0.7400246207075614
21.941786527633667,3,0.6,0.49961157008804247,0.10038842991195751,0.09582438607141547,-4.86,-5.43,0.7806138719528043
21.974194526672363,3,0.6,0.5008297254441932,0.09917027455580674,0.09445388170570453,-4.86,-5.43,0.5152054212093349
21.999104499816895,3,0.6,0.504999338119896,0.09500066188010403,0.06778662759842771,-4.86,-5.42,0.3933565640998666
22.024245023727417,3,0.6,0.5079217505121,0.0920782494879,0.0766528525962933,-4.86,-5.46,1.010451360915551
22.0567467212677,3,0.6,0.5146938763555786,0.08530612364442136,0.05633602025458197,-4.86,-5.56,1.5084381693552023
22.082616806030273,3,0.6,0.5184509295558605,0.0815490704441395,0.06749755739208663,-4.86,-5.58,0.8327028573535924
22.115756511688232,3,0.6,0.5221971714960645,0.0778028285039355,0.07364460156914508,-4.86,-5.6,0.7886821887242947
22.14094042778015,3,0.6,0.5289446909901029,0.0710553090098971,0.040471078639728986,-4.86,-5.6,0.6115888278484338
22.16677737236023,3,0.6,0.5289446909901029,0.0710553090098971,0.09414881450542774,-4.86,-5.59,0.4923621239759698
22.200681924819946,3,0.6,0.5356464238041655,0.06435357619583448,0.05271445084228198,-4.86,-5.58,0.5174323599086861
22.234301805496216,3,0.6,0.5375264423189487,0.06247355768105123,0.08060443175374604,-4.86,-5.57,0.5140701477603518
22.25886631011963,3,0.6,0.537750734629119,0.062249265370880935,0.0899714194989035,-4.86,-5.56,0.47789514205830724
22.29354238510132,3,0.6,0.5376146268260145,0.062385373173985514,0.0927315897795985,-4.86,-5.57,0.6939995626724298
22.326870441436768,3,0.6,0.5369648643303013,0.06303513566969865,0.09614572843614655,-4.86,-5.55,0.4197557163419201
22.36065649986267,3,0.6,0.5362279670525447,0.06377203294745526,0.09693747383001444,-4.86,-5.55,0.6021154546737666
22.393536806106567,3,0.6,0.536191297206204,0.06380870279379602,0.09291428960004192,-4.86,-5.54,0.5081112893943728
22.41736936569214,3,0.6,0.5373488210679944,0.06265117893200556,0.08270483651332358,-4.86,-5.53,0.4700698844877116
22.450266361236572,3,0.6,0.5386990506729433,0.06130094932705665,0.08390556845248621,-4.86,-5.5,0.30947229003663373
22.474470615386963,3,0.6,0.5431930011509819,0.056806998849018076,0.05370140536591138,-4.86,-5.49,0.45563321905260346
22.499053239822388,3,0.6,0.5461976675577019,0.05380233244229804,0.06555424583817193,-4.86,-5.49,0.5811270780563351
22.523971796035767,3,0.6,0.5496299407660276,0.05037005923397242,0.06148483992714461,-4.86,-5.49,0.5826969470977781
22.55679726600647,3,0.6,0.5532493942485627,0.0467506057514373,0.06597095053082469,-4.86,-5.52,0.8740407668723752
22.590280294418335,3,0.6,0.560276754267803,0.03972324573219699,0.04400630545863816,-4.86,-5.57,1.0752288744881398
22.621862649917603,3,0.6,0.5633295464823623,0.03667045351763765,0.06579176413743447,-4.86,-5.57,0.6294830703735349
22.64675283432007,3,0.6,0.5659661878568144,0.03403381214318557,0.06318919741459107,-4.86,-5.55,0.38014161209497155
22.67198610305786,3,0.6,0.5698958161947412,0.03010418380525881,0.05208807686089924,-4.86,-5.52,0.2511939057658528
22.7052059173584,3,0.6,0.5718773721163323,0.028122627883667706,0.07075676501786358,-4.86,-5.5,0.41937685941381897
22.731255769729614,3,0.6,0.5721663294751692,0.027833670524830767,0.08041779965501415,-4.86,-5.52,0.8420388480880197
22.75495457649231,3,0.6,0.5717533649761473,0.028246635023852718,0.08627876270381585,-4.86,-5.52,0.6132753684520715
22.78662943840027,3,0.6,0.5713060325926291,0.028693967407370846,0.08579782452362951,-4.86,-5.52,0.6153659093379968
22.820279359817505,3,0.6,0.570327659062454,0.029672340937546005,0.08921491938174231,-4.86,-5.51,0.5220827387440898
22.853278875350952,3,0.6,0.5702121240544831,0.029787875945516906,0.08409076061122565,-4.86,-5.49,0.4254091066895729
22.87830686569214,3,0.6,0.571273396300595,0.02872660369940494,0.07463743044373651,-4.86,-5.52,0.9808804039137857
22.91197419166565,3,0.6,0.5725682802023127,0.027431719797687326,0.07500778926432025,-4.86,-5.54,0.8135104503132751
22.936707496643066,3,0.6,0.5792021616266236,0.020797838373376343,0.027867157075322266,-4.86,-5.54,0.6352542569637295
22.969642400741577,3,0.6,0.5822299424681415,0.017770057531858452,0.06154574538718166,-4.86,-5.54,0.6374938304424282
23.000481843948364,3,0.6,0.5885483632459318,0.011451636754068129,0.03707810213637423,-4.86,-5.49,0.1280466109964638
26.255363702774048,4,0.6,0.0,0.6,0.0,83.18,83.18,0.0
26.283071994781494,4,0.6,-2.8600217790538432e-05,0.6000286002177905,0.8,83.18,83.18,0.0
26.307495832443237,4,0.6,-7.824642363206151e-05,0.6000782464236321,0.18198462519142206,83.18,83.18,0.0
26.34087085723877,4,0.6,-0.0001378218706419554,0.6001378218706419,0.18296393397020144,83.18,83.18,0.0
26.36489462852478,4,0.6,-0.0001775388353151077,0.6001775388353151,0.18367041650639224,83.18,83.18,0.0
26.390485525131226,4,0.6,-0.0001676095941468472,0.6001676095941468,0.18401610598940496,83.18,83.18,0.0
26.41504669189453,4,0.6,0.000589816941526618,0.5994101830584734,0.17852850472371326,83.18,83.16,0.25106711404897103
26.43964457511902,4,0.6,0.0017586631925044032,0.5982413368074956,0.17549508881325804,83.18,83.15,0.13708529664898905
26.473488330841064,4,0.6,0.0036145729000706395,0.5963854270999294,0.1744836285818731,83.18,83.15,0.01522511386871398
26.498209476470947,4,0.6,0.01010562137077572,0.5898943786292242,0.1317188338933788,83.18,83.03,1.5318391221650165
26.53147292137146,4,0.6,0.014644271929113658,0.5853557280708863,0.15655580662221982,83.18,83.03,0.07609488272667222
26.55672550201416,4,0.6,0.025937110285551193,0.5740628897144487,0.09174281914653719,83.18,83.06,-0.29500130456143353
26.589805603027344,4,0.6,0.03196418854758203,0.568035811452418,0.14387401556171373,83.18,83.06,0.061794874906542285
26.61497688293457,4,0.6,0.044281584479684256,0.5557184155203158,0.07944885165720171,83.18,83.11,-0.5589461800554176
26.640587329864502,4,0.6,0.05016609084821572,0.5498339091517842,0.12967199152436534,83.18,83.08,0.4036462701075362
26.6744282245636,4,0.6,0.05533170014003252,0.5446682998599675,0.14540418191527954,83.18,83.1,-0.13480237138668028
26.69764018058777,4,0.6,0.06334215154364974,0.5366578484563502,0.10482771878424733,83.18,83.03,0.982552262034728
26.73143720626831,4,0.6,0.06603040072753968,0.5339695992724602,0.15803541980632532,83.18,83.07,-0.2968429781901005
26.756027698516846,4,0.6,0.06896731013609075,0.5310326898639093,0.1498289202645242,83.18,83.08,-0.06853461410795655
26.78087067604065,4,0.6,0.0694701389185313,0.5305298610814687,0.17017555728164963,83.18,83.07,0.17949550156130964
26.806293487548828,4,0.6,0.069598031548005,0.5304019684519949,0.17382261836176188,83.18,83.06,0.18421377437671244
26.83959150314331,4,0.6,0.06934158805944295,0.5306584119405571,0.17734531621276256,83.18,83.03,0.3461488995236201
26.86422061920166,4,0.6,0.06935636740411467,0.5306436325958853,0.17635046081359043,83.18,83.01,0.3335757500896096
26.89795446395874,4,0.6,0.07046930080587188,0.5295306991941281,0.17030698271421824,83.18,82.96,0.5676577113259995
26.922861099243164,4,0.6,0.07428872517268788,0.5257112748273121,0.14582146343415126,83.18,82.95,0.24183393620386284
26.956366539001465,4,0.6,0.08159862136140533,0.5184013786385946,0.1323084195359942,83.18,82.87,0.866633874761131
26.98215675354004,4,0.6,0.08159862136140533,0.5184013786385946,0.17586690415005854,83.18,82.85,0.4107107706290526
27.015031099319458,4,0.6,0.09144858642674895,0.5085514135732511,0.11418518067797453,83.18,82.89,-0.20873701122170063
27.03989577293396,4,0.6,0.09697369429724623,0.5030263057027538,0.1282472630156231,83.18,82.91,-0.09669369667925543
27.064985752105713,4,0.6,0.10284632560863403,0.49715367439136593,0.12542888815878747,83.18,82.88,0.514271326815432
27.089977979660034,4,0.6,0.10838212103056037,0.4916178789694396,0.12624438103052193,83.18,82.88,0.16129692339897775
27.115182876586914,4,0.6,0.11892228287418208,0.4810777171258179,0.08321262412311523,83.18,82.87,0.2877035900683269
27.14072060585022,4,0.6,0.12358678016537228,0.4764132198346277,0.13049291555131015,83.18,82.86,0.29088123083145234
27.16570019721985,4,0.6,0.12741290037102093,0.47258709962897905,0.1358061855284025,83.18,82.88,-0.07802517920915653
27.190173864364624,4,0.6,0.130428814513465,0.469571185486535,0.14186720396034724,83.18,82.87,0.2909139326255563
27.215614557266235,4,0.6,0.13461152901026566,0.46538847098973435,0.13275821105516605,83.18,82.88,0.047242366991872106
27.240204572677612,4,0.6,0.13575490836514262,0.4642450916348574,0.15671874291341914,83.18,82.88,0.1659041237831179
27.265394926071167,4,0.6,0.13629540821563504,0.46370459178436496,0.16200513190361374,83.18,82.87,0.2907782328853999
27.290966987609863,4,0.6,0.1365309057967922,0.4634690942032078,0.1649210308669495,83.18,82.85,0.4225227987460592
27.313966751098633,4,0.6,0.13656468523289364,0.4634353147671063,0.16705461770774932,83.18,82.81,0.7124357006973588
27.347764253616333,4,0.6,0.13678593274547854,0.4632140672545214,0.16672405083351366,83.18,82.77,0.5839506581890622
27.373379707336426,4,0.6,0.13828524816189272,0.4617147518381073,0.1566682783846033,83.18,82.72,0.8277543501128793
27.398015022277832,4,0.6,0.1399187228511597,0.4600812771488403,0.15501456284925627,83.18,82.69,0.6324844796712392
27.430235624313354,4,0.6,0.14231750742064705,0.4576824925793529,0.15316156090194996,83.18,82.68,0.36829389920588695
27.462669610977173,4,0.6,0.14936611001729896,0.45063388998270104,0.12354725870821952,83.18,82.72,-0.10919640817949167
27.495201349258423,4,0.6,0.15938259725172121,0.44061740274827876,0.10322121315212518,83.18,82.73,0.15860159618955758
27.51998496055603,4,0.6,0.16491407184624363,0.43508592815375635,0.11941391003665602,83.18,82.73,0.2528354914188407
27.553951025009155,4,0.6,0.17062189777036682,0.42937810222963313,0.1284737569606085,83.18,82.74,0.15986907291538105
27.578540563583374,4,0.6,0.18178964770421305,0.41821035229578696,0.07039064213898491,83.18,82.76,0.0005000741941328379
27.612112045288086,4,0.6,0.18670475103603962,0.41329524896396036,0.1296190039020996,83.18,82.77,0.14737677920536385
27.637205123901367,4,0.6,0.19422121547331625,0.4057787845266837,0.09724592995930706,83.18,82.71,0.9852469940120653
27.67023992538452,4,0.6,0.19677012616604256,0.4032298738339574,0.14162428506418046,83.18,82.69,0.4611630599758304
27.695564031600952,4,0.6,0.19982381145718467,0.40017618854281534,0.13207011459104495,83.18,82.74,-0.3477509661287477
27.71963405609131,4,0.6,0.20050374987948685,0.39949625012051315,0.1513805764007224,83.18,82.74,0.25670976161957487
27.74477481842041,4,0.6,0.20075122259843362,0.3992487774015664,0.1553431352542835,83.18,82.75,0.13154890390022778
27.769266366958618,4,0.6,0.20053482518935223,0.39946517481064775,0.15964426349049138,83.18,82.75,0.25384395098686663
27.794392824172974,4,0.6,0.2000078170971711,0.3999921829028289,0.16276054748948945,83.18,82.71,0.7526091355660862
27.819597005844116,4,0.6,0.2000078170971711,0.3999921829028289,0.1590697752758578,83.18,82.69,0.5243156346635522
27.845162868499756,4,0.6,0.20054119191337744,0.39945880808662254,0.1551644213683554,83.18,82.69,0.28749066352844804
27.87768006324768,4,0.6,0.20378072857983517,0.3962192714201648,0.13943850191816287,83.18,82.65,0.6732556225411879
27.90237545967102,4,0.6,0.20662190809384626,0.3933780919061537,0.13571623848862924,83.18,82.63,0.5635563402796763
27.927804470062256,4,0.6,0.21025462269443965,0.38974537730556036,0.12919058335809025,83.18,82.58,0.9444854081691888
27.954229593276978,4,0.6,0.21457321324590703,0.3854267867540929,0.12300107349132136,83.18,82.57,0.47282266266386863
27.977887630462646,4,0.6,0.22456110026253875,0.37543889973746125,0.07562264464079468,83.18,82.61,-0.14051781574582073
28.0023295879364,4,0.6,0.22982686035694563,0.3701731396430543,0.10980393248669307,83.18,82.63,0.0765577235334339
28.026905298233032,4,0.6,0.2350663952449906,0.36493360475500936,0.11062890442792357,83.18,82.62,0.4527865016565298
28.05207657814026,4,0.6,0.24015029567667845,0.35984970432332153,0.11055719788085469,83.18,82.6,0.5856261392612051
28.076382398605347,4,0.6,0.2492314884253047,0.35076851157469524,0.0754023873247391,83.18,82.59,0.4725398856304055
28.101455211639404,4,0.6,0.25271450609811263,0.34728549390188734,0.12077817876908505,83.18,82.6,0.22749426147368873
28.13524842262268,4,0.6,0.2592953469347859,0.3407046530652141,0.10821511429831294,83.18,82.54,0.9119599056340482
28.160746812820435,4,0.6,0.2601770035021438,0.3398229964978562,0.14041618384705712,83.18,82.53,0.5036204210458861
28.185713291168213,4,0.6,0.2604645223005712,0.33953547769942877,0.1453659297776145,83.18,82.55,0.13721658294744327
28.211392164230347,4,0.6,0.2603604798660307,0.33963952013396925,0.14895263172670975,83.18,82.55,0.3791321687698427
28.235899448394775,4,0.6,0.25951217353932077,0.3404878264606792,0.15562327602571147,83.18,82.55,0.3807005507946077
28.261507511138916,4,0.6,0.25951217353932077,0.3404878264606792,0.14923667836215457,83.18,82.58,0.009629863922991089
28.294286251068115,4,0.6,0.2593783433812754,0.34062165661872457,0.15064833722297225,83.18,82.6,0.17851055885932104
28.318352460861206,4,0.6,0.2597584587525532,0.34024154124744677,0.14692311506939323,83.18,82.58,0.6237846873535889
28.34215521812439,4,0.6,0.2624075202478695,0.33759247975213047,0.12744500059274716,83.18,82.6,0.10947379788438472
28.3751699924469,4,0.6,0.26818798418186046,0.3318120158181395,0.1139693814179083,83.18,82.57,0.6482465538061034
28.400180101394653,4,0.6,0.2722412894286657,0.32775871057133427,0.11533897043401894,83.18,82.59,0.13054884325890104
28.434486389160156,4,0.6,0.27689186576609115,0.32310813423390883,0.11955451961566833,83.18,82.58,0.4657134341707478
28.467646837234497,4,0.6,0.28748932812594,0.31251067187405995,0.08090857195585352,83.18,82.56,0.5688782128797916
28.50147795677185,4,0.6,0.29832261718175335,0.30167738281824663,0.07746709633365352,83.18,82.49,1.047631381688943
28.52502727508545,4,0.6,0.3031634658025444,0.2968365341974556,0.09929526329032051,83.18,82.4,1.6202679606159438
28.559319019317627,4,0.6,0.31098806583084593,0.28901193416915405,0.09237885610471028,83.18,82.47,-0.17843749169568512
28.583900213241577,4,0.6,0.3138387453905719,0.2861612546094281,0.11522779462745031,83.18,82.47,0.44291793608666036
28.61793828010559,4,0.6,0.3172009954681923,0.2827990045318077,0.11776909792683907,83.18,82.51,0.07265202592460152
28.650826454162598,4,0.6,0.3178634504195866,0.2821365495804134,0.13376160215214924,83.18,82.51,0.4274019942283656
28.675715923309326,4,0.6,0.31746789747402215,0.2825321025259778,0.1414388779220012,83.18,82.51,0.42906958866119643
28.700947523117065,4,0.6,0.31681893428093927,0.2831810657190607,0.14395639718832387,83.18,82.5,0.5546838624271616
28.727327823638916,4,0.6,0.3162327799372018,0.2837672200627982,0.14380636482255377,83.18,82.49,0.5563267997265763
28.760931491851807,4,0.6,0.31629892226952905,0.28370107773047093,0.13942565138653112,83.18,82.47,0.6335433741477037
28.78711438179016,4,0.6,0.3172279501119458,0.28277204988805416,0.13281434392000097,83.18,82.47,0.456850423812872
28.820393562316895,4,0.6,0.32075500557683095,0.279244994423169,0.11785737475974128,83.18,82.51,0.07408531272740698
28.8460590839386,4,0.6,0.32361129355032126,0.2763887064496787,0.11648181315337265,83.18,82.48,0.8075942273588022
28.870461225509644,4,0.6,0.32361129355032126,0.2763887064496787,0.13915229285231254,83.18,82.48,0.45758606410026875
28.8972327709198,4,0.6,0.3357455133604748,0.26425448663952517,0.04416467602162022,83.18,82.48,0.4594600722789797
28.919474124908447,4,0.6,0.3404846945581541,0.25951530544184587,0.09269429420548203,83.18,82.48,0.46101696705818507
28.945101261138916,4,0.6,0.34528582621427195,0.254714173785728,0.09566010559944717,83.18,82.45,0.8336013994027056
28.979474782943726,4,0.6,0.3587001886977452,0.24129981130225475,0.052695012248864734,83.18,82.51,-0.06852660307540959
29.013818502426147,4,0.6,0.36234240334405343,0.23765759665594655,0.10733695664331319,83.18,82.48,0.7296495165890169
29.03765106201172,4,0.6,0.3674564206140536,0.2325435793859464,0.08719495061646143,83.18,82.5,0.20745705785105362
29.071258306503296,4,0.6,0.3689270357320311,0.23107296426796886,0.11926211238870804,83.18,82.48,0.6500989250799192
29.09609866142273,4,0.6,0.370120490488203,0.22987950951179698,0.11833236561209239,83.18,82.45,0.8506929996419588
29.129552841186523,4,0.6,0.370120490488203,0.22987950951179698,0.12832588636146267,83.18,82.45,0.4908214910030404
29.154598474502563,4,0.6,0.369568115580567,0.23043188441943296,0.13319111227189065,83.18,82.45,0.49264982223511133
29.18813943862915,4,0.6,0.3688881771582648,0.2311118228417352,0.133426107786306,83.18,82.46,0.40062190445631496
29.219861268997192,4,0.6,0.3681249131746657,0.23187508682533425,0.13478071762585803,83.18,82.43,0.7911601981721741
29.243734121322632,4,0.6,0.36842084459373964,0.23157915540626034,0.12767689960838757,83.18,82.42,0.6399240002257522
29.278621673583984,4,0.6,0.37110638965139353,0.22889361034860645,0.11421177234757066,83.18,82.41,0.6086872919295633
29.312164306640625,4,0.6,0.37351790766893145,0.22648209233106853,0.11501775031076508,83.18,82.4,0.619010489423685
29.336474418640137,4,0.6,0.3803707296490993,0.21962927035090068,0.07198403582061191,83.18,82.44,0.02426269297192979
29.37005376815796,4,0.6,0.38461150297238816,0.2153884970276118,0.10116675476491599,83.18,82.45,0.41846105802249295
29.394843101501465,4,0.6,0.39382576756879895,0.20617423243120103,0.04935420330208555,83.18,82.41,1.0179974449989975
29.427882432937622,4,0.6,0.3985701279847891,0.2014298720152109,0.09484067326770644,83.18,82.4,0.6276659065860463
29.46135640144348,4,0.6,0.4072457384660366,0.19275426153396336,0.06899187183313361,83.18,82.43,0.2569429057558908
29.485752820968628,4,0.6,0.41083279857338506,0.18916720142661492,0.09057502506523457,83.18,82.42,0.6556315388838013
29.511011123657227,4,0.6,0.4137971206940123,0.18620287930598767,0.09585527291022067,83.18,82.41,0.6583803903570382
29.536009073257446,4,0.6,0.4175191984651205,0.1824808015348795,0.08865972844991601,83.18,82.43,0.2914627247399565
29.56059241294861,4,0.6,0.41832023359741766,0.18167976640258232,0.11190490290306315,83.18,82.42,0.6603846107533389
29.593862056732178,4,0.6,0.4184107842736467,0.18158921572635328,0.1181523583041023,83.18,82.43,0.4456736763143335
29.618236541748047,4,0.6,0.4184107842736467,0.18158921572635328,0.11891800961333836,83.18,82.42,0.665777951600271
29.649831295013428,4,0.6,0.41749976917823733,0.18250023082176264,0.12524649246397324,83.18,82.41,0.6450836985363207
29.674176931381226,4,0.6,0.41708122442864676,0.18291877557135322,0.12326619914024627,83.18,82.44,0.16725669732255183
29.69912600517273,4,0.6,0.41741363941005827,0.1825863605899417,0.11725082382488454,83.18,82.43,0.6657009487481459
29.723299980163574,4,0.6,0.41829453766715524,0.18170546233284474,0.11272529716242144,83.18,82.45,0.2908428195394588
29.74787974357605,4,0.6,0.419789002980066,0.18021099701993398,0.10735691131607945,83.18,82.47,0.27988697294950693
29.78225016593933,4,0.6,0.42463935164657185,0.17536064835342813,0.09057323258943,83.18,82.46,0.621247853727979
29.8153874874115,4,0.6,0.43194957695009667,0.1680504230499033,0.07249511596123802,83.18,82.44,0.7283050435489606
29.840752601623535,4,0.6,0.4360969953902741,0.1639030046097259,0.08240880439388254,83.18,82.42,0.799057694020614
29.8651282787323,4,0.6,0.44041159422914494,0.15958840577085504,0.07958894533687977,83.18,82.42,0.5610206186771443
29.89015507698059,4,0.6,0.4447635350212603,0.15523646497873966,0.0785900312430288,83.18,82.43,0.43802612240108946
29.915946006774902,4,0.6,0.45306668444161574,0.14693331555838424,0.04582585819808338,83.18,82.43,0.5598067355155969
29.948989629745483,4,0.6,0.45306668444161574,0.14693331555838424,0.11130957070581576,83.18,82.41,0.7521264456800585
29.974090337753296,4,0.6,0.4609505308021196,0.13904946919788036,0.04630120782130166,83.18,82.43,0.325222450623059
30.008541107177734,4,0.6,0.462360382967373,0.137639617032627,0.10074832726124215,83.18,82.45,0.38261287148989065
30.03367257118225,4,0.6,0.46317372235226706,0.13682627764773292,0.1023883149961791,83.18,82.46,0.43421163055170675
30.058767795562744,4,0.6,0.46327182725823585,0.13672817274176413,0.1082212616868905,83.18,82.48,0.30625125524796215
30.092750310897827,4,0.6,0.46275356090150865,0.13724643909849132,0.1124777790773997,83.18,82.47,0.6421240207196156
30.117413997650146,4,0.6,0.46164752349987626,0.13835247650012372,0.11871098506920824,83.18,82.45,0.8036984720367603
30.150883436203003,4,0.6,0.46134489624196967,0.1386551037580303,0.1120254538402255,83.18,82.45,0.5669978983402297
30.1762752532959,4,0.6,0.46198079687219473,0.13801920312780525,0.10519282672951383,83.18,82.45,0.5688515009880111
30.20987296104431,4,0.6,0.4630860759635662,0.13691392403643377,0.1035204568168708,83.18,82.44,0.6656295372925086
30.234835147857666,4,0.6,0.46741426664139446,0.13258573335860552,0.07428899536584258,83.18,82.41,0.9538051544674784
30.260295629501343,4,0.6,0.47049094373656275,0.12950905626343723,0.08363946314863203,83.18,82.4,0.719985765845738
30.285457611083984,4,0.6,0.47814955087188526,0.12185044912811471,0.04617285962730524,83.18,82.4,0.6022083718776734
30.310598373413086,4,0.6,0.4823298903572572,0.11767010964274277,0.07106357385732304,83.18,82.42,0.3508599351547027
30.336838960647583,4,0.6,0.4865475717958737,0.11345242820412627,0.07164277937806116,83.18,82.42,0.5960743968486837
30.371268272399902,4,0.6,0.4941580493458764,0.10584195065412355,0.05676370356918737,83.18,82.43,0.5049764572036575
30.40406584739685,4,0.6,0.5000886394031062,0.09991136059689376,0.06512926515887502,83.18,82.48,0.12842065776250428
30.43710970878601,4,0.6,0.502027545557162,0.09797245444283798,0.08796971431077821,83.18,82.47,0.6691199267977566
30.470587491989136,4,0.6,0.5032058918538548,0.0967941081461452,0.09247400975614063,83.18,82.47,0.5807084283828802
30.496158838272095,4,0.6,0.5039807017797899,0.09601929822021005,0.09334392033564126,83.18,82.47,0.5825239939689704
30.52913236618042,4,0.6,0.5036880037630518,0.0963119962369482,0.1014258539913878,83.18,82.48,0.48885006559405375
30.554417848587036,4,0.6,0.502675750439984,0.09732424956001595,0.10808381986715089,83.18,82.49,0.4579316833933408
30.579620599746704,4,0.6,0.5022083177948129,0.09779168220518708,0.10405006168389642,83.18,82.52,0.2061363497441549
30.604708671569824,4,0.6,0.5019286823409325,0.09807131765906751,0.10277682573471529,83.18,82.53,0.4402922061566398
30.630070686340332,4,0.6,0.5021105420036516,0.0978894579963484,0.09915872113565707,83.18,82.54,0.4363320928715632
30.65386462211609,4,0.6,0.5039512431710924,0.09604875682890757,0.08495701595574824,83.18,82.54,0.5580169262886079
30.679564476013184,4,0.6,0.5057598816842459,0.09424011831575407,0.08544115479821623,83.18,82.49,1.1783501391904894
30.7039577960968,4,0.6,0.5080713489798399,0.09192865102016012,0.08055288071640881,83.18,82.49,0.5864733552932828
30.728875875473022,4,0.6,0.5108315779439828,0.08916842205601716,0.07630493119544599,83.18,82.49,0.588192702770242
30.753881216049194,4,0.6,0.5139254093952516,0.08607459060474842,0.07289346044817574,83.18,82.54,-0.03507880897993576
30.779109477996826,4,0.6,0.5210725460933257,0.07892745390667433,0.03796227017136047,83.18,82.55,0.4404044990415622
30.804354667663574,4,0.6,0.5246806521887251,0.07531934781127492,0.06615147219467574,83.18,82.53,0.8095894973579749
30.837583780288696,4,0.6,0.5316025496616176,0.0683974503383824,0.05136625418097231,83.18,82.54,0.48070070472333926
30.86283588409424,4,0.6,0.5345438799782187,0.06545612002178125,0.06854829338742069,83.18,82.51,0.9432484052220449
30.896723747253418,4,0.6,0.5387918784164397,0.06120812158356026,0.06560241582562026,83.18,82.54,0.3084294713265372
30.930810928344727,4,0.6,0.5401215383420856,0.05987846165791433,0.08248575010125483,83.18,82.52,0.7642422579002814
30.954796314239502,4,0.6,0.5414350023831842,0.05856499761681577,0.07910787932409104,83.18,82.53,0.4578169180310798
30.97983980178833,4,0.6,0.5415196155308416,0.058480384469158375,0.08943439549844352,83.18,82.52,0.7075580351098668
31.005022525787354,4,0.6,0.5413143348686428,0.0586856651313572,0.091889791062718,83.18,82.51,0.7170607025762556
31.029410123825073,4,0.6,0.5409851532895669,0.05901484671043311,0.09306549732458133,83.18,82.52,0.4716144242326251
31.054915189743042,4,0.6,0.5405963962634812,0.05940360373651876,0.09368558423550621,83.18,82.48,1.0910448369707908
31.08044958114624,4,0.6,0.5408454856835958,0.05915451431640417,0.08863515465751254,83.18,82.47,0.7395620206706693
31.11428165435791,4,0.6,0.5422244627002759,0.05777553729972407,0.08214145364910842,83.18,82.44,0.9045103238054175
31.146096229553223,4,0.6,0.5436590234513694,0.05634097654863057,0.08104710915382347,83.18,82.43,0.7392775172114674
31.17203140258789,4,0.6,0.5454752161942624,0.05452478380573755,0.07546331717633008,83.18,82.45,0.4068067650421232
31.197738647460938,4,0.6,0.5504737451680319,0.04952625483196804,0.049144956402434416,83.18,82.45,0.6400294501781516
31.231013774871826,4,0.6,0.5535214929306023,0.04647850706939771,0.0688775826427233,83.18,82.48,0.3568864164181704
31.256250858306885,4,0.6,0.559657463730677,0.04034253626932294,0.03512241869877247,83.18,82.49,0.5011231237645922
31.2802574634552,4,0.6,0.5655702412021915,0.03442975879780852,0.03606171238791113,83.18,82.49,0.6257565236091707
31.31279683113098,4,0.6,0.5655702412021915,0.03442975879780852,0.08372943601172012,83.18,82.49,0.6280017399787996
31.33840537071228,4,0.6,0.5701235710245552,0.029876428975444735,0.046840664768184895,83.18,82.5,0.5075946987356225
31.363580465316772,4,0.6,0.5701235710245552,0.029876428975444735,0.08243929874700431,83.18,82.49,0.7506455935156229
31.388554573059082,4,0.6,0.5730338260312909,0.02696617396870904,0.05799996329721263,83.18,82.52,0.25319905697997785
31.413739919662476,4,0.6,0.5737045935226857,0.02629540647731432,0.07599543073684302,83.18,82.53,0.49316649400564627
31.43798542022705,4,0.6,0.5738480238070921,0.026151976192907878,0.08027570531401866,83.18,82.53,0.6163411879539552
31.462786436080933,4,0.6,0.57350729628568,0.02649270371432,0.08430319640252797,83.18,82.54,0.4919656658926041
31.497252225875854,4,0.6,0.5726256397183223,0.027374360281677723,0.08698330299393657,83.18,82.54,0.6151342635154762
31.530847787857056,4,0.6,0.5724425925498888,0.02755740745011115,0.08305809217052677,83.18,82.57,0.33429106565146655
31.556353092193604,4,0.6,0.5728870333910338,0.027112966608966227,0.07834020248656207,83.18,82.57,0.6037200589180096
31.589868783950806,4,0.6,0.5737147229251462,0.02628527707485373,0.07677256386750304,83.18,82.57,0.6057838735580547
31.61452865600586,4,0.6,0.5788940241365665,0.021105975863433435,0.03813168239170534,83.18,82.56,0.7339679180324649
31.63932991027832,4,0.6,0.5788940241365665,0.021105975863433435,0.08016376010218498,83.18,82.58,0.3618776124007417
31.664742708206177,4,0.6,0.5815855067227923,0.018414493277207677,0.05819760996449163,83.18,82.6,0.35917329174868023
31.698898792266846,4,0.6,0.5878687994392238,0.012131200560776212,0.040723797715740244,83.18,82.62,0.4115233784645317
