timestamp,step,marker_id,x,y,error_x,error_y,status
2025-08-09T14:30:11.395200,1/5,3,0.21797,0.59583,-0.28203,0.09582999999999997,TRACKING
2025-08-09T14:30:11.415565,1/5,3,0.21797,0.59583,-0.28203,0.09582999999999997,TRACKING
2025-08-09T14:30:11.455799,1/5,3,0.21797,0.59583,-0.28203,0.09582999999999997,TRACKING
2025-08-09T14:30:11.474163,1/5,3,0.21797,0.59583,-0.28203,0.09582999999999997,TRACKING
2025-08-09T14:30:11.498175,1/5,3,0.21797,0.59583,-0.28203,0.09582999999999997,TRACKING
2025-08-09T14:30:11.532846,1/5,3,0.21797,0.59583,-0.28203,0.09582999999999997,TRACKING
2025-08-09T14:30:11.563444,1/5,3,0.21797,0.59583,-0.28203,0.09582999999999997,TRACKING
2025-08-09T14:30:11.610990,1/5,3,0.24453,0.58194,-0.25547,0.08194000000000001,TRACKING
2025-08-09T14:30:11.642830,1/5,3,0.25234,0.57917,-0.24766,0.07916999999999996,TRACKING
2025-08-09T14:30:11.661838,1/5,3,0.25234,0.57917,-0.24766,0.07916999999999996,TRACKING
2025-08-09T14:30:11.696413,1/5,3,0.25703,0.57639,-0.24297000000000002,0.07638999999999996,TRACKING
2025-08-09T14:30:11.734827,1/5,3,0.25703,0.57639,-0.24297000000000002,0.07638999999999996,TRACKING
2025-08-09T14:30:11.763820,1/5,3,0.26562,0.57083,-0.23437999999999998,0.07082999999999995,TRACKING
2025-08-09T14:30:11.795259,1/5,3,0.26562,0.57083,-0.23437999999999998,0.07082999999999995,TRACKING
2025-08-09T14:30:11.829395,1/5,3,0.26875,0.57083,-0.23125,0.07082999999999995,TRACKING
2025-08-09T14:30:11.862871,1/5,3,0.26875,0.57083,-0.23125,0.07082999999999995,TRACKING
2025-08-09T14:30:11.904900,1/5,3,0.27578,0.56806,-0.22421999999999997,0.06806000000000001,TRACKING
2025-08-09T14:30:11.935413,1/5,3,0.27891,0.56667,-0.22109,0.06667000000000001,TRACKING
2025-08-09T14:30:11.965599,1/5,3,0.27891,0.56667,-0.22109,0.06667000000000001,TRACKING
2025-08-09T14:30:11.997390,1/5,3,0.28516,0.56528,-0.21483999999999998,0.06528,TRACKING
2025-08-09T14:30:12.042192,1/5,3,0.28516,0.56528,-0.21483999999999998,0.06528,TRACKING
2025-08-09T14:30:12.073063,1/5,3,0.29141,0.56111,-0.20859,0.06111,TRACKING
2025-08-09T14:30:12.095046,1/5,3,0.29141,0.56111,-0.20859,0.06111,TRACKING
2025-08-09T14:30:12.128828,1/5,3,0.29688,0.55972,-0.20312000000000002,0.059719999999999995,TRACKING
2025-08-09T14:30:12.164257,1/5,3,0.29688,0.55972,-0.20312000000000002,0.059719999999999995,TRACKING
2025-08-09T14:30:12.194308,1/5,3,0.30156,0.55833,-0.19844,0.05832999999999999,TRACKING
2025-08-09T14:30:12.240878,1/5,3,0.30469,0.55556,-0.19530999999999998,0.055560000000000054,TRACKING
2025-08-09T14:30:12.261635,1/5,3,0.30469,0.55556,-0.19530999999999998,0.055560000000000054,TRACKING
2025-08-09T14:30:12.303518,1/5,3,0.31016,0.55278,-0.18984,0.05278000000000005,TRACKING
2025-08-09T14:30:12.326383,1/5,3,0.31016,0.55278,-0.18984,0.05278000000000005,TRACKING
2025-08-09T14:30:12.364476,1/5,3,0.31484,0.55139,-0.18516,0.05139000000000005,TRACKING
2025-08-09T14:30:12.393927,1/5,3,0.31797,0.55,-0.18203000000000003,0.050000000000000044,TRACKING
2025-08-09T14:30:12.440442,1/5,3,0.31797,0.55,-0.18203000000000003,0.050000000000000044,TRACKING
2025-08-09T14:30:12.461190,1/5,3,0.32109,0.54861,-0.17891,0.04861000000000004,TRACKING
2025-08-09T14:30:12.501429,1/5,3,0.32109,0.54861,-0.17891,0.04861000000000004,TRACKING
2025-08-09T14:30:12.531544,1/5,3,0.32578,0.54583,-0.17421999999999999,0.04583000000000004,TRACKING
2025-08-09T14:30:12.567573,1/5,3,0.32969,0.54583,-0.17031000000000002,0.04583000000000004,TRACKING
2025-08-09T14:30:12.594471,1/5,3,0.32969,0.54583,-0.17031000000000002,0.04583000000000004,TRACKING
2025-08-09T14:30:12.640256,1/5,3,0.33203,0.54444,-0.16797,0.044440000000000035,TRACKING
2025-08-09T14:30:12.660250,1/5,3,0.33203,0.54444,-0.16797,0.044440000000000035,TRACKING
2025-08-09T14:30:12.701160,1/5,3,0.33594,0.54306,-0.16405999999999998,0.04305999999999999,TRACKING
2025-08-09T14:30:12.732629,1/5,3,0.33906,0.54306,-0.16094000000000003,0.04305999999999999,TRACKING
2025-08-09T14:30:12.764166,1/5,3,0.33906,0.54306,-0.16094000000000003,0.04305999999999999,TRACKING
2025-08-09T14:30:12.793851,1/5,3,0.34219,0.54028,-0.15781,0.04027999999999998,TRACKING
2025-08-09T14:30:12.826156,1/5,3,0.34688,0.53889,-0.15311999999999998,0.03888999999999998,TRACKING
2025-08-09T14:30:12.871567,1/5,3,0.34688,0.53889,-0.15311999999999998,0.03888999999999998,TRACKING
2025-08-09T14:30:12.901876,1/5,3,0.34766,0.5375,-0.15233999999999998,0.03749999999999998,TRACKING
2025-08-09T14:30:12.932575,1/5,3,0.35156,0.5375,-0.14844000000000002,0.03749999999999998,TRACKING
2025-08-09T14:30:12.962976,1/5,3,0.35156,0.5375,-0.14844000000000002,0.03749999999999998,TRACKING
2025-08-09T14:30:12.994111,1/5,3,0.35313,0.5375,-0.14687,0.03749999999999998,TRACKING
2025-08-09T14:30:13.039629,1/5,3,0.35313,0.5375,-0.14687,0.03749999999999998,TRACKING
2025-08-09T14:30:13.060633,1/5,3,0.35625,0.53472,-0.14375,0.03471999999999997,TRACKING
2025-08-09T14:30:13.094126,1/5,3,0.35859,0.53472,-0.14140999999999998,0.03471999999999997,TRACKING
2025-08-09T14:30:13.130578,1/5,3,0.35859,0.53472,-0.14140999999999998,0.03471999999999997,TRACKING
2025-08-09T14:30:13.175954,1/5,3,0.36172,0.53333,-0.13828000000000001,0.03332999999999997,TRACKING
2025-08-09T14:30:13.193250,1/5,3,0.36484,0.53194,-0.13516,0.03193999999999997,TRACKING
2025-08-09T14:30:13.237450,1/5,3,0.36484,0.53194,-0.13516,0.03193999999999997,TRACKING
2025-08-09T14:30:13.262528,1/5,3,0.36641,0.53194,-0.13359,0.03193999999999997,TRACKING
2025-08-09T14:30:13.292417,1/5,3,0.36953,0.53056,-0.13046999999999997,0.03056000000000003,TRACKING
2025-08-09T14:30:13.330290,1/5,3,0.36953,0.53056,-0.13046999999999997,0.03056000000000003,TRACKING
2025-08-09T14:30:13.375588,1/5,3,0.37109,0.53056,-0.12891000000000002,0.03056000000000003,TRACKING
2025-08-09T14:30:13.393595,1/5,3,0.37109,0.53056,-0.12891000000000002,0.03056000000000003,TRACKING
2025-08-09T14:30:13.424822,1/5,3,0.37266,0.53056,-0.12734,0.03056000000000003,TRACKING
2025-08-09T14:30:13.468850,1/5,3,0.37578,0.52917,-0.12422,0.02917000000000003,TRACKING
2025-08-09T14:30:13.499325,1/5,3,0.37578,0.52917,-0.12422,0.02917000000000003,TRACKING
2025-08-09T14:30:13.529293,1/5,3,0.37734,0.52917,-0.12265999999999999,0.02917000000000003,TRACKING
2025-08-09T14:30:13.560686,1/5,3,0.37734,0.52917,-0.12265999999999999,0.02917000000000003,TRACKING
2025-08-09T14:30:13.605369,1/5,3,0.38047,0.52639,-0.11953000000000003,0.026390000000000025,TRACKING
2025-08-09T14:30:13.635715,1/5,3,0.38359,0.52639,-0.11641000000000001,0.026390000000000025,TRACKING
2025-08-09T14:30:13.659724,1/5,3,0.38359,0.52639,-0.11641000000000001,0.026390000000000025,TRACKING
2025-08-09T14:30:13.690246,1/5,3,0.38516,0.525,-0.11484,0.025000000000000022,TRACKING
2025-08-09T14:30:13.728338,1/5,3,0.38516,0.525,-0.11484,0.025000000000000022,TRACKING
2025-08-09T14:30:13.774376,1/5,3,0.38828,0.52361,-0.11171999999999999,0.02361000000000002,TRACKING
2025-08-09T14:30:13.793389,1/5,3,0.38984,0.52361,-0.11015999999999998,0.02361000000000002,TRACKING
2025-08-09T14:30:13.826427,1/5,3,0.38984,0.52361,-0.11015999999999998,0.02361000000000002,TRACKING
2025-08-09T14:30:13.865682,1/5,3,0.39219,0.52222,-0.10781000000000002,0.022220000000000018,TRACKING
2025-08-09T14:30:13.896450,1/5,3,0.39375,0.52222,-0.10625000000000001,0.022220000000000018,TRACKING
2025-08-09T14:30:13.927346,1/5,3,0.39375,0.52222,-0.10625000000000001,0.022220000000000018,TRACKING
2025-08-09T14:30:13.962416,1/5,3,0.39609,0.52222,-0.10391,0.022220000000000018,TRACKING
2025-08-09T14:30:13.994200,1/5,3,0.39922,0.52083,-0.10077999999999998,0.020830000000000015,TRACKING
2025-08-09T14:30:14.024703,1/5,3,0.39922,0.52083,-0.10077999999999998,0.020830000000000015,TRACKING
2025-08-09T14:30:14.065188,1/5,3,0.4,0.52083,-0.09999999999999998,0.020830000000000015,TRACKING
2025-08-09T14:30:14.095813,1/5,3,0.40234,0.51944,-0.09766000000000002,0.019440000000000013,TRACKING
2025-08-09T14:30:14.127513,1/5,3,0.40234,0.51944,-0.09766000000000002,0.019440000000000013,TRACKING
2025-08-09T14:30:14.172591,1/5,3,0.40312,0.51944,-0.09688000000000002,0.019440000000000013,TRACKING
2025-08-09T14:30:14.191751,1/5,3,0.40547,0.51944,-0.09453,0.019440000000000013,TRACKING
2025-08-09T14:30:14.234594,1/5,3,0.40547,0.51944,-0.09453,0.019440000000000013,TRACKING
2025-08-09T14:30:14.266018,1/5,3,0.40781,0.51806,-0.09219,0.018059999999999965,TRACKING
2025-08-09T14:30:14.292521,1/5,3,0.40781,0.51806,-0.09219,0.018059999999999965,TRACKING
2025-08-09T14:30:14.325023,1/5,3,0.40938,0.51806,-0.09061999999999998,0.018059999999999965,TRACKING
2025-08-09T14:30:14.375158,1/5,3,0.40938,0.51667,-0.09061999999999998,0.016669999999999963,TRACKING
2025-08-09T14:30:14.391891,1/5,3,0.40938,0.51667,-0.09061999999999998,0.016669999999999963,TRACKING
2025-08-09T14:30:14.425459,1/5,3,0.41094,0.51667,-0.08905999999999997,0.016669999999999963,TRACKING
2025-08-09T14:30:14.466930,1/5,3,0.41328,0.51667,-0.08672000000000002,0.016669999999999963,TRACKING
2025-08-09T14:30:14.497351,1/5,3,0.41328,0.51667,-0.08672000000000002,0.016669999999999963,TRACKING
2025-08-09T14:30:14.527831,1/5,3,0.41406,0.51667,-0.08594000000000002,0.016669999999999963,TRACKING
2025-08-09T14:30:14.560253,1/5,3,0.41406,0.51667,-0.08594000000000002,0.016669999999999963,TRACKING
2025-08-09T14:30:14.604677,1/5,3,0.41719,0.51528,-0.08281,0.01527999999999996,TRACKING
2025-08-09T14:30:14.635370,1/5,3,0.41875,0.51389,-0.08124999999999999,0.013889999999999958,TRACKING
2025-08-09T14:30:14.660576,1/5,3,0.41875,0.51389,-0.08124999999999999,0.013889999999999958,TRACKING
2025-08-09T14:30:14.696889,1/5,3,0.41875,0.51389,-0.08124999999999999,0.013889999999999958,TRACKING
2025-08-09T14:30:14.728179,1/5,3,0.41875,0.51389,-0.08124999999999999,0.013889999999999958,TRACKING
2025-08-09T14:30:14.759002,1/5,3,0.42188,0.51389,-0.07812000000000002,0.013889999999999958,TRACKING
2025-08-09T14:30:14.790844,1/5,3,0.42344,0.51389,-0.07656000000000002,0.013889999999999958,TRACKING
2025-08-09T14:30:14.825357,1/5,3,0.42344,0.51389,-0.07656000000000002,0.013889999999999958,TRACKING
2025-08-09T14:30:14.858803,1/5,3,0.42422,0.5125,-0.07578000000000001,0.012499999999999956,TRACKING
2025-08-09T14:30:14.897325,1/5,3,0.42656,0.5125,-0.07344,0.012499999999999956,TRACKING
2025-08-09T14:30:14.927842,1/5,3,0.42656,0.5125,-0.07344,0.012499999999999956,TRACKING
2025-08-09T14:30:14.959229,1/5,3,0.42656,0.51111,-0.07344,0.011109999999999953,TRACKING
2025-08-09T14:30:15.005237,1/5,3,0.42656,0.51111,-0.07344,0.011109999999999953,TRACKING
2025-08-09T14:30:15.027318,1/5,3,0.42812,0.51111,-0.07188,0.011109999999999953,TRACKING
2025-08-09T14:30:15.060492,1/5,3,0.42812,0.51111,-0.07188,0.011109999999999953,TRACKING
2025-08-09T14:30:15.095692,1/5,3,0.42969,0.51111,-0.07030999999999998,0.011109999999999953,TRACKING
2025-08-09T14:30:15.126554,1/5,3,0.43125,0.51111,-0.06874999999999998,0.011109999999999953,TRACKING
2025-08-09T14:30:15.160023,1/5,3,0.43125,0.51111,-0.06874999999999998,0.011109999999999953,TRACKING
2025-08-09T14:30:15.189441,1/5,3,0.43281,0.51111,-0.06719000000000003,0.011109999999999953,TRACKING
2025-08-09T14:30:15.222338,1/5,3,0.43281,0.51111,-0.06719000000000003,0.011109999999999953,TRACKING
2025-08-09T14:30:15.259127,1/5,3,0.43437,0.51111,-0.06563000000000002,0.011109999999999953,TRACKING
2025-08-09T14:30:15.296504,1/5,3,0.43516,0.51111,-0.06484000000000001,0.011109999999999953,TRACKING
2025-08-09T14:30:15.327432,1/5,3,0.43516,0.51111,-0.06484000000000001,0.011109999999999953,TRACKING
2025-08-09T14:30:15.357768,1/5,3,0.43594,0.51111,-0.06406,0.011109999999999953,TRACKING
2025-08-09T14:30:15.390849,1/5,3,0.4375,0.50972,-0.0625,0.009719999999999951,TRACKING
2025-08-09T14:30:15.422290,1/5,3,0.4375,0.50972,-0.0625,0.009719999999999951,TRACKING
2025-08-09T14:30:15.467624,1/5,3,0.43828,0.50972,-0.06172,0.009719999999999951,TRACKING
2025-08-09T14:30:15.490641,1/5,3,0.43906,0.50833,-0.060939999999999994,0.008329999999999949,TRACKING
2025-08-09T14:30:15.524817,1/5,3,0.43906,0.50833,-0.060939999999999994,0.008329999999999949,TRACKING
2025-08-09T14:30:15.560813,1/5,3,0.44063,0.50833,-0.05936999999999998,0.008329999999999949,TRACKING
2025-08-09T14:30:15.588589,1/5,3,0.44219,0.50833,-0.05780999999999997,0.008329999999999949,TRACKING
2025-08-09T14:30:15.635865,1/5,3,0.44219,0.50833,-0.05780999999999997,0.008329999999999949,TRACKING
2025-08-09T14:30:15.665543,1/5,3,0.44297,0.50833,-0.057030000000000025,0.008329999999999949,TRACKING
2025-08-09T14:30:15.689048,1/5,3,0.44375,0.50833,-0.05625000000000002,0.008329999999999949,TRACKING
2025-08-09T14:30:15.727113,1/5,3,0.44375,0.50833,-0.05625000000000002,0.008329999999999949,TRACKING
2025-08-09T14:30:15.757694,1/5,3,0.44531,0.50833,-0.054690000000000016,0.008329999999999949,TRACKING
2025-08-09T14:30:15.803808,1/5,3,0.44531,0.50833,-0.054690000000000016,0.008329999999999949,TRACKING
2025-08-09T14:30:15.834052,1/5,3,0.44531,0.50833,-0.054690000000000016,0.008329999999999949,TRACKING
2025-08-09T14:30:15.864621,1/5,3,0.44688,0.50833,-0.05312,0.008329999999999949,TRACKING
2025-08-09T14:30:15.895327,1/5,3,0.44688,0.50833,-0.05312,0.008329999999999949,TRACKING
2025-08-09T14:30:15.925828,1/5,3,0.44688,0.50833,-0.05312,0.008329999999999949,TRACKING
2025-08-09T14:30:15.971878,1/5,3,0.44688,0.50833,-0.05312,0.008329999999999949,TRACKING
2025-08-09T14:30:16.002845,1/5,3,0.44844,0.50833,-0.051559999999999995,0.008329999999999949,TRACKING
2025-08-09T14:30:16.024083,1/5,3,0.44844,0.50833,-0.051559999999999995,0.008329999999999949,TRACKING
2025-08-09T14:30:16.062759,1/5,3,0.45,0.50694,-0.04999999999999999,0.006939999999999946,TRACKING
2025-08-09T14:30:16.089666,1/5,3,0.45,0.50694,-0.04999999999999999,0.006939999999999946,TRACKING
2025-08-09T14:30:16.139285,1/5,3,0.45,0.50694,-0.04999999999999999,0.006939999999999946,TRACKING
2025-08-09T14:30:16.170217,1/5,3,0.45156,0.50556,-0.04843999999999998,0.005560000000000009,TRACKING
2025-08-09T14:30:16.200558,1/5,3,0.45312,0.50556,-0.04687999999999998,0.005560000000000009,TRACKING
2025-08-09T14:30:16.232423,1/5,3,0.45312,0.50556,-0.04687999999999998,0.005560000000000009,TRACKING
2025-08-09T14:30:16.254393,1/5,3,0.45312,0.50556,-0.04687999999999998,0.005560000000000009,TRACKING
2025-08-09T14:30:16.293390,1/5,3,0.45469,0.50556,-0.04531000000000002,0.005560000000000009,TRACKING
2025-08-09T14:30:16.324172,1/5,3,0.45469,0.50556,-0.04531000000000002,0.005560000000000009,TRACKING
2025-08-09T14:30:16.370069,1/5,3,0.45469,0.50556,-0.04531000000000002,0.005560000000000009,TRACKING
2025-08-09T14:30:16.389383,1/5,3,0.45469,0.50556,-0.04531000000000002,0.005560000000000009,TRACKING
2025-08-09T14:30:16.430898,1/5,3,0.45625,0.50556,-0.04375000000000001,0.005560000000000009,TRACKING
2025-08-09T14:30:16.454564,1/5,3,0.45625,0.50556,-0.04375000000000001,0.005560000000000009,TRACKING
2025-08-09T14:30:16.491635,1/5,3,0.45625,0.50556,-0.04375000000000001,0.005560000000000009,TRACKING
2025-08-09T14:30:16.522735,1/5,3,0.45703,0.50556,-0.04297000000000001,0.005560000000000009,TRACKING
2025-08-09T14:30:16.553812,1/5,3,0.45703,0.50556,-0.04297000000000001,0.005560000000000009,TRACKING
2025-08-09T14:30:16.601290,1/5,3,0.45859,0.50556,-0.04141,0.005560000000000009,TRACKING
2025-08-09T14:30:16.623053,1/5,3,0.45937,0.50556,-0.04063,0.005560000000000009,TRACKING
2025-08-09T14:30:16.661958,1/5,3,0.45937,0.50556,-0.04063,0.005560000000000009,TRACKING
2025-08-09T14:30:16.693705,1/5,3,0.46016,0.50556,-0.03983999999999999,0.005560000000000009,TRACKING
2025-08-09T14:30:16.723864,1/5,3,0.46016,0.50556,-0.03983999999999999,0.005560000000000009,TRACKING
2025-08-09T14:30:16.755112,1/5,3,0.46094,0.50417,-0.039059999999999984,0.004170000000000007,TRACKING
2025-08-09T14:30:16.801808,1/5,3,0.46094,0.50417,-0.039059999999999984,0.004170000000000007,TRACKING
2025-08-09T14:30:16.832274,1/5,3,0.46172,0.50417,-0.03827999999999998,0.004170000000000007,TRACKING
2025-08-09T14:30:16.854194,1/5,3,0.4625,0.50278,-0.03749999999999998,0.0027800000000000047,TRACKING
2025-08-09T14:30:16.893090,1/5,3,0.4625,0.50278,-0.03749999999999998,0.0027800000000000047,TRACKING
2025-08-09T14:30:16.924450,1/5,3,0.4625,0.50278,-0.03749999999999998,0.0027800000000000047,TRACKING
2025-08-09T14:30:16.955945,1/5,3,0.46406,0.50556,-0.03594000000000003,0.005560000000000009,TRACKING
2025-08-09T14:30:16.986744,1/5,3,0.46406,0.50556,-0.03594000000000003,0.005560000000000009,TRACKING
2025-08-09T14:30:17.033070,1/5,3,0.46406,0.50556,-0.03594000000000003,0.005560000000000009,TRACKING
2025-08-09T14:30:17.063262,1/5,3,0.46484,0.50556,-0.035160000000000025,0.005560000000000009,TRACKING
2025-08-09T14:30:17.093621,1/5,3,0.46484,0.50556,-0.035160000000000025,0.005560000000000009,TRACKING
2025-08-09T14:30:17.139370,1/5,3,0.46562,0.50556,-0.03438000000000002,0.005560000000000009,TRACKING
2025-08-09T14:30:17.170499,1/5,3,0.46562,0.50556,-0.03438000000000002,0.005560000000000009,TRACKING
2025-08-09T14:30:17.200178,1/5,3,0.46562,0.50278,-0.03438000000000002,0.0027800000000000047,TRACKING
2025-08-09T14:30:17.230131,1/5,3,0.46719,0.50278,-0.032810000000000006,0.0027800000000000047,TRACKING
2025-08-09T14:30:17.261092,1/5,3,0.46719,0.50278,-0.032810000000000006,0.0027800000000000047,TRACKING
2025-08-09T14:30:17.292629,1/5,3,0.46719,0.50278,-0.032810000000000006,0.0027800000000000047,TRACKING
2025-08-09T14:30:17.320318,1/5,3,0.46875,0.50278,-0.03125,0.0027800000000000047,TRACKING
2025-08-09T14:30:17.369422,1/5,3,0.46875,0.50278,-0.03125,0.0027800000000000047,TRACKING
2025-08-09T14:30:17.399509,1/5,3,0.46875,0.50417,-0.03125,0.004170000000000007,TRACKING
2025-08-09T14:30:17.430296,1/5,3,0.46875,0.50417,-0.03125,0.004170000000000007,TRACKING
2025-08-09T14:30:17.460690,1/5,3,0.46875,0.50417,-0.03125,0.004170000000000007,TRACKING
2025-08-09T14:30:17.491706,1/5,3,0.46953,0.50278,-0.030469999999999997,0.0027800000000000047,TRACKING
2025-08-09T14:30:17.522071,1/5,3,0.46953,0.50278,-0.030469999999999997,0.0027800000000000047,TRACKING
2025-08-09T14:30:17.552297,1/5,3,0.47031,0.50417,-0.029689999999999994,0.004170000000000007,TRACKING
2025-08-09T14:30:17.599142,1/5,3,0.47031,0.50278,-0.029689999999999994,0.0027800000000000047,TRACKING
2025-08-09T14:30:17.629279,1/5,3,0.47031,0.50278,-0.029689999999999994,0.0027800000000000047,TRACKING
2025-08-09T14:30:17.653191,1/5,3,0.47109,0.50278,-0.02890999999999999,0.0027800000000000047,TRACKING
2025-08-09T14:30:17.691456,1/5,3,0.47109,0.50278,-0.02890999999999999,0.0027800000000000047,TRACKING
2025-08-09T14:30:17.721394,1/5,3,0.47188,0.50278,-0.02811999999999998,0.0027800000000000047,TRACKING
2025-08-09T14:30:17.767936,1/5,3,0.47188,0.50278,-0.02811999999999998,0.0027800000000000047,TRACKING
2025-08-09T14:30:17.787039,1/5,3,0.47188,0.50278,-0.02811999999999998,0.0027800000000000047,TRACKING
2025-08-09T14:30:17.829251,1/5,3,0.47188,0.50278,-0.02811999999999998,0.0027800000000000047,TRACKING
2025-08-09T14:30:17.861116,1/5,3,0.47344,0.50278,-0.026559999999999973,0.0027800000000000047,TRACKING
2025-08-09T14:30:17.891462,1/5,3,0.47344,0.50278,-0.026559999999999973,0.0027800000000000047,TRACKING
2025-08-09T14:30:17.920269,1/5,3,0.47344,0.50278,-0.026559999999999973,0.0027800000000000047,TRACKING
2025-08-09T14:30:17.952358,1/5,3,0.47344,0.50278,-0.026559999999999973,0.0027800000000000047,TRACKING
2025-08-09T14:30:17.998369,1/5,3,0.47344,0.50278,-0.026559999999999973,0.0027800000000000047,TRACKING
2025-08-09T14:30:18.029789,1/5,3,0.47422,0.50278,-0.025780000000000025,0.0027800000000000047,TRACKING
2025-08-09T14:30:18.060265,1/5,3,0.47422,0.50278,-0.025780000000000025,0.0027800000000000047,TRACKING
2025-08-09T14:30:18.090430,1/5,3,0.475,0.50278,-0.025000000000000022,0.0027800000000000047,TRACKING
2025-08-09T14:30:18.136035,1/5,3,0.475,0.50278,-0.025000000000000022,0.0027800000000000047,TRACKING
2025-08-09T14:30:18.154020,1/5,3,0.475,0.50278,-0.025000000000000022,0.0027800000000000047,TRACKING
2025-08-09T14:30:18.196854,1/5,3,0.47578,0.50278,-0.02422000000000002,0.0027800000000000047,TRACKING
2025-08-09T14:30:18.228306,1/5,3,0.47578,0.50278,-0.02422000000000002,0.0027800000000000047,TRACKING
2025-08-09T14:30:18.253633,1/5,3,0.47656,0.50278,-0.023440000000000016,0.0027800000000000047,TRACKING
2025-08-09T14:30:18.289660,1/5,3,0.47656,0.50278,-0.023440000000000016,0.0027800000000000047,TRACKING
2025-08-09T14:30:18.336102,1/5,3,0.47656,0.50278,-0.023440000000000016,0.0027800000000000047,TRACKING
2025-08-09T14:30:18.353184,1/5,3,0.47656,0.50278,-0.023440000000000016,0.0027800000000000047,TRACKING
2025-08-09T14:30:18.398561,1/5,3,0.47656,0.50278,-0.023440000000000016,0.0027800000000000047,TRACKING
2025-08-09T14:30:18.429989,1/5,3,0.47813,0.50278,-0.02187,0.0027800000000000047,TRACKING
2025-08-09T14:30:18.459861,1/5,3,0.47813,0.50278,-0.02187,0.0027800000000000047,TRACKING
2025-08-09T14:30:18.491218,1/5,3,0.47813,0.50278,-0.02187,0.0027800000000000047,TRACKING
2025-08-09T14:30:18.521321,1/5,3,0.47813,0.50278,-0.02187,0.0027800000000000047,TRACKING
2025-08-09T14:30:18.553313,1/5,3,0.47969,0.50139,-0.020309999999999995,0.0013900000000000023,TRACKING
2025-08-09T14:30:18.585096,1/5,3,0.47969,0.50139,-0.020309999999999995,0.0013900000000000023,TRACKING
2025-08-09T14:30:18.627643,1/5,3,0.47969,0.50278,-0.020309999999999995,0.0027800000000000047,TRACKING
2025-08-09T14:30:18.652637,1/5,3,0.47969,0.50139,-0.020309999999999995,0.0013900000000000023,TRACKING
2025-08-09T14:30:18.685644,1/5,3,0.47969,0.50139,-0.020309999999999995,0.0013900000000000023,TRACKING
2025-08-09T14:30:18.719166,1/5,3,0.47969,0.50278,-0.020309999999999995,0.0027800000000000047,TRACKING
2025-08-09T14:30:18.751507,1/5,3,0.47969,0.50278,-0.020309999999999995,0.0027800000000000047,TRACKING
2025-08-09T14:30:18.784487,1/5,3,0.47969,0.50278,-0.020309999999999995,0.0027800000000000047,TRACKING
2025-08-09T14:30:18.822670,1/5,3,0.48125,0.50278,-0.01874999999999999,0.0027800000000000047,LOCKED
2025-08-09T14:30:18.843956,1/5,3,0.48125,0.50278,-0.01874999999999999,0.0027800000000000047,FIRED
2025-08-09T14:30:20.864902,2/5,heart,0.78672,0.54444,0.28672,0.044440000000000035,TRACKING
2025-08-09T14:30:20.883279,2/5,heart,0.78672,0.54444,0.28672,0.044440000000000035,TRACKING
2025-08-09T14:30:20.918567,2/5,heart,0.7875,0.54444,0.2875,0.044440000000000035,TRACKING
2025-08-09T14:30:20.957621,2/5,heart,0.7875,0.54444,0.2875,0.044440000000000035,TRACKING
2025-08-09T14:30:20.988467,2/5,heart,0.7875,0.54444,0.2875,0.044440000000000035,TRACKING
2025-08-09T14:30:21.033622,2/5,heart,0.78672,0.54444,0.28672,0.044440000000000035,TRACKING
2025-08-09T14:30:21.052200,2/5,,,,,,NOT_FOUND
2025-08-09T14:30:21.174936,2/5,heart,0.66797,0.50139,0.16796999999999995,0.0013900000000000023,TRACKING
2025-08-09T14:30:21.192093,2/5,heart,0.66484,0.49861,0.16484,-0.0013900000000000023,TRACKING
2025-08-09T14:30:21.219951,2/5,heart,0.66484,0.49861,0.16484,-0.0013900000000000023,TRACKING
2025-08-09T14:30:21.243016,2/5,heart,0.66484,0.49861,0.16484,-0.0013900000000000023,TRACKING
2025-08-09T14:30:21.283241,2/5,heart,0.66484,0.49861,0.16484,-0.0013900000000000023,TRACKING
2025-08-09T14:30:21.328470,2/5,heart,0.66641,0.50139,0.16640999999999995,0.0013900000000000023,TRACKING
2025-08-09T14:30:21.358692,2/5,heart,0.66641,0.50139,0.16640999999999995,0.0013900000000000023,TRACKING
2025-08-09T14:30:21.381610,2/5,heart,0.66641,0.50417,0.16640999999999995,0.004170000000000007,TRACKING
2025-08-09T14:30:21.420277,2/5,heart,0.66172,0.50278,0.16171999999999997,0.0027800000000000047,TRACKING
2025-08-09T14:30:21.452022,2/5,heart,0.66172,0.50278,0.16171999999999997,0.0027800000000000047,TRACKING
2025-08-09T14:30:21.481842,2/5,heart,0.65938,0.50139,0.15937999999999997,0.0013900000000000023,TRACKING
2025-08-09T14:30:21.527464,2/5,heart,0.65469,0.5,0.15469,0.0,TRACKING
2025-08-09T14:30:21.559448,2/5,heart,0.65469,0.5,0.15469,0.0,TRACKING
2025-08-09T14:30:21.589946,2/5,heart,0.65,0.49861,0.15000000000000002,-0.0013900000000000023,TRACKING
2025-08-09T14:30:21.620631,2/5,heart,0.65,0.49861,0.15000000000000002,-0.0013900000000000023,TRACKING
2025-08-09T14:30:21.646573,2/5,heart,0.64766,0.49861,0.14766,-0.0013900000000000023,TRACKING
2025-08-09T14:30:21.682474,2/5,heart,0.64453,0.5,0.14453000000000005,0.0,TRACKING
2025-08-09T14:30:21.713115,2/5,heart,0.64453,0.5,0.14453000000000005,0.0,TRACKING
2025-08-09T14:30:21.747126,2/5,heart,0.64297,0.5,0.14297000000000004,0.0,TRACKING
2025-08-09T14:30:21.779837,2/5,heart,0.64297,0.5,0.14297000000000004,0.0,TRACKING
2025-08-09T14:30:21.820853,2/5,heart,0.63984,0.5,0.13983999999999996,0.0,TRACKING
2025-08-09T14:30:21.850930,2/5,heart,0.63828,0.5,0.13827999999999996,0.0,TRACKING
2025-08-09T14:30:21.881920,2/5,heart,0.63828,0.5,0.13827999999999996,0.0,TRACKING
2025-08-09T14:30:21.913354,2/5,heart,0.63516,0.49722,0.13515999999999995,-0.0027800000000000047,TRACKING
2025-08-09T14:30:21.960184,2/5,heart,0.63047,0.49722,0.13046999999999997,-0.0027800000000000047,TRACKING
2025-08-09T14:30:21.979197,2/5,heart,0.63047,0.49722,0.13046999999999997,-0.0027800000000000047,TRACKING
2025-08-09T14:30:22.012099,2/5,heart,0.62969,0.49722,0.12968999999999997,-0.0027800000000000047,TRACKING
2025-08-09T14:30:22.046270,2/5,heart,0.62969,0.49722,0.12968999999999997,-0.0027800000000000047,TRACKING
2025-08-09T14:30:22.083270,2/5,heart,0.62578,0.49722,0.12578,-0.0027800000000000047,TRACKING
2025-08-09T14:30:22.120277,2/5,heart,0.62344,0.49861,0.12344,-0.0013900000000000023,TRACKING
2025-08-09T14:30:22.161958,2/5,heart,0.62344,0.49861,0.12344,-0.0013900000000000023,TRACKING
2025-08-09T14:30:22.193186,2/5,heart,0.62187,0.49861,0.12187000000000003,-0.0013900000000000023,TRACKING
2025-08-09T14:30:22.212190,2/5,heart,0.62187,0.49861,0.12187000000000003,-0.0013900000000000023,TRACKING
2025-08-09T14:30:22.255475,2/5,heart,0.61875,0.49861,0.11875000000000002,-0.0013900000000000023,TRACKING
2025-08-09T14:30:22.286522,2/5,heart,0.61875,0.49861,0.11875000000000002,-0.0013900000000000023,TRACKING
2025-08-09T14:30:22.316947,2/5,heart,0.61641,0.49861,0.11641000000000001,-0.0013900000000000023,TRACKING
2025-08-09T14:30:22.347597,2/5,heart,0.61406,0.49722,0.11406000000000005,-0.0027800000000000047,TRACKING
2025-08-09T14:30:22.393889,2/5,heart,0.61406,0.49722,0.11406000000000005,-0.0027800000000000047,TRACKING
2025-08-09T14:30:22.425175,2/5,heart,0.61172,0.49722,0.11172000000000004,-0.0027800000000000047,TRACKING
2025-08-09T14:30:22.455283,2/5,heart,0.61172,0.49722,0.11172000000000004,-0.0027800000000000047,TRACKING
2025-08-09T14:30:22.486784,2/5,heart,0.60938,0.49722,0.10938000000000003,-0.0027800000000000047,TRACKING
2025-08-09T14:30:22.517485,2/5,heart,0.60938,0.49722,0.10938000000000003,-0.0027800000000000047,TRACKING
2025-08-09T14:30:22.548268,2/5,heart,0.60703,0.49861,0.10702999999999996,-0.0013900000000000023,TRACKING
2025-08-09T14:30:22.579652,2/5,heart,0.60547,0.49861,0.10546999999999995,-0.0013900000000000023,TRACKING
2025-08-09T14:30:22.640513,2/5,heart,0.60547,0.49861,0.10546999999999995,-0.0013900000000000023,TRACKING
2025-08-09T14:30:22.671912,2/5,heart,0.60313,0.49722,0.10313000000000005,-0.0027800000000000047,TRACKING
2025-08-09T14:30:22.689531,2/5,heart,0.60078,0.49722,0.10077999999999998,-0.0027800000000000047,TRACKING
2025-08-09T14:30:22.717560,2/5,heart,0.60078,0.49722,0.10077999999999998,-0.0027800000000000047,TRACKING
2025-08-09T14:30:22.748426,2/5,heart,0.59844,0.49583,0.09843999999999997,-0.004170000000000007,TRACKING
2025-08-09T14:30:22.779079,2/5,heart,0.59844,0.49583,0.09843999999999997,-0.004170000000000007,TRACKING
2025-08-09T14:30:22.826636,2/5,heart,0.59609,0.49583,0.09609000000000001,-0.004170000000000007,TRACKING
2025-08-09T14:30:22.857470,2/5,heart,0.59609,0.49583,0.09609000000000001,-0.004170000000000007,TRACKING
2025-08-09T14:30:22.887649,2/5,heart,0.59609,0.49583,0.09609000000000001,-0.004170000000000007,TRACKING
2025-08-09T14:30:22.913006,2/5,heart,0.59609,0.49583,0.09609000000000001,-0.004170000000000007,TRACKING
2025-08-09T14:30:22.950119,2/5,heart,0.59375,0.49722,0.09375,-0.0027800000000000047,TRACKING
2025-08-09T14:30:22.981561,2/5,heart,0.59375,0.49722,0.09375,-0.0027800000000000047,TRACKING
2025-08-09T14:30:23.028099,2/5,heart,0.59141,0.49722,0.09140999999999999,-0.0027800000000000047,TRACKING
2025-08-09T14:30:23.046194,2/5,heart,0.59141,0.49722,0.09140999999999999,-0.0027800000000000047,TRACKING
2025-08-09T14:30:23.089454,2/5,heart,0.58828,0.49722,0.08828000000000003,-0.0027800000000000047,TRACKING
2025-08-09T14:30:23.114277,2/5,heart,0.58672,0.49722,0.08672000000000002,-0.0027800000000000047,TRACKING
2025-08-09T14:30:23.144799,2/5,heart,0.58672,0.49722,0.08672000000000002,-0.0027800000000000047,TRACKING
2025-08-09T14:30:23.182284,2/5,heart,0.58516,0.49722,0.08516000000000001,-0.0027800000000000047,TRACKING
2025-08-09T14:30:23.209997,2/5,heart,0.58516,0.49722,0.08516000000000001,-0.0027800000000000047,TRACKING
2025-08-09T14:30:23.243832,2/5,heart,0.58359,0.49722,0.08359000000000005,-0.0027800000000000047,TRACKING
2025-08-09T14:30:23.289975,2/5,heart,0.58359,0.49722,0.08359000000000005,-0.0027800000000000047,TRACKING
2025-08-09T14:30:23.320514,2/5,heart,0.58125,0.49583,0.08125000000000004,-0.004170000000000007,TRACKING
2025-08-09T14:30:23.344037,2/5,heart,0.57891,0.49583,0.07891000000000004,-0.004170000000000007,TRACKING
2025-08-09T14:30:23.380214,2/5,heart,0.57891,0.49583,0.07891000000000004,-0.004170000000000007,TRACKING
2025-08-09T14:30:23.415546,2/5,heart,0.57734,0.49583,0.07733999999999996,-0.004170000000000007,TRACKING
2025-08-09T14:30:23.445844,2/5,heart,0.57734,0.49583,0.07733999999999996,-0.004170000000000007,TRACKING
2025-08-09T14:30:23.491754,2/5,heart,0.57578,0.49722,0.07577999999999996,-0.0027800000000000047,TRACKING
2025-08-09T14:30:23.523352,2/5,heart,0.575,0.49722,0.07499999999999996,-0.0027800000000000047,TRACKING
2025-08-09T14:30:23.552850,2/5,heart,0.575,0.49722,0.07499999999999996,-0.0027800000000000047,TRACKING
2025-08-09T14:30:23.599455,2/5,heart,0.57422,0.49722,0.07421999999999995,-0.0027800000000000047,TRACKING
2025-08-09T14:30:23.618549,2/5,heart,0.57422,0.49722,0.07421999999999995,-0.0027800000000000047,TRACKING
2025-08-09T14:30:23.660582,2/5,heart,0.57187,0.49722,0.07186999999999999,-0.0027800000000000047,TRACKING
2025-08-09T14:30:23.680943,2/5,heart,0.57187,0.49722,0.07186999999999999,-0.0027800000000000047,TRACKING
2025-08-09T14:30:23.710784,2/5,heart,0.57031,0.49722,0.07030999999999998,-0.0027800000000000047,TRACKING
2025-08-09T14:30:23.744659,2/5,heart,0.57031,0.49722,0.07030999999999998,-0.0027800000000000047,TRACKING
2025-08-09T14:30:23.785892,2/5,heart,0.56875,0.49722,0.06874999999999998,-0.0027800000000000047,TRACKING
2025-08-09T14:30:23.816298,2/5,heart,0.56797,0.49722,0.06796999999999997,-0.0027800000000000047,TRACKING
2025-08-09T14:30:23.847748,2/5,heart,0.56797,0.49722,0.06796999999999997,-0.0027800000000000047,TRACKING
2025-08-09T14:30:23.879711,2/5,heart,0.56562,0.49722,0.06562000000000001,-0.0027800000000000047,TRACKING
2025-08-09T14:30:23.924906,2/5,heart,0.56406,0.49722,0.06406,-0.0027800000000000047,TRACKING
2025-08-09T14:30:23.955600,2/5,heart,0.56406,0.49722,0.06406,-0.0027800000000000047,TRACKING
2025-08-09T14:30:23.979556,2/5,heart,0.56328,0.49722,0.06328,-0.0027800000000000047,TRACKING
2025-08-09T14:30:24.011218,2/5,heart,0.56328,0.49722,0.06328,-0.0027800000000000047,TRACKING
2025-08-09T14:30:24.062403,2/5,heart,0.56172,0.49722,0.06172,-0.0027800000000000047,TRACKING
2025-08-09T14:30:24.093827,2/5,heart,0.56172,0.49722,0.06172,-0.0027800000000000047,TRACKING
2025-08-09T14:30:24.125131,2/5,heart,0.56094,0.49722,0.060939999999999994,-0.0027800000000000047,TRACKING
2025-08-09T14:30:24.156929,2/5,heart,0.56094,0.49722,0.060939999999999994,-0.0027800000000000047,TRACKING
2025-08-09T14:30:24.180042,2/5,heart,0.55937,0.49722,0.059370000000000034,-0.0027800000000000047,TRACKING
2025-08-09T14:30:24.217129,2/5,heart,0.55781,0.49722,0.05781000000000003,-0.0027800000000000047,TRACKING
2025-08-09T14:30:24.249111,2/5,heart,0.55781,0.49722,0.05781000000000003,-0.0027800000000000047,TRACKING
2025-08-09T14:30:24.295629,2/5,heart,0.55703,0.49722,0.057030000000000025,-0.0027800000000000047,TRACKING
2025-08-09T14:30:24.326014,2/5,heart,0.55703,0.49722,0.057030000000000025,-0.0027800000000000047,TRACKING
2025-08-09T14:30:24.344147,2/5,heart,0.55625,0.49722,0.05625000000000002,-0.0027800000000000047,TRACKING
2025-08-09T14:30:24.387276,2/5,heart,0.55625,0.49722,0.05625000000000002,-0.0027800000000000047,TRACKING
2025-08-09T14:30:24.410896,2/5,heart,0.55469,0.49722,0.054690000000000016,-0.0027800000000000047,TRACKING
2025-08-09T14:30:24.447098,2/5,heart,0.55469,0.49722,0.054690000000000016,-0.0027800000000000047,TRACKING
2025-08-09T14:30:24.482820,2/5,heart,0.55312,0.49722,0.053119999999999945,-0.0027800000000000047,TRACKING
2025-08-09T14:30:24.527454,2/5,heart,0.55234,0.49722,0.05234000000000005,-0.0027800000000000047,TRACKING
2025-08-09T14:30:24.558350,2/5,heart,0.55234,0.49722,0.05234000000000005,-0.0027800000000000047,TRACKING
2025-08-09T14:30:24.588414,2/5,heart,0.55156,0.49722,0.05156000000000005,-0.0027800000000000047,TRACKING
2025-08-09T14:30:24.634450,2/5,heart,0.55156,0.49722,0.05156000000000005,-0.0027800000000000047,TRACKING
2025-08-09T14:30:24.665857,2/5,heart,0.55078,0.49722,0.05078000000000005,-0.0027800000000000047,TRACKING
2025-08-09T14:30:24.683555,2/5,heart,0.55,0.49722,0.050000000000000044,-0.0027800000000000047,TRACKING
2025-08-09T14:30:24.712114,2/5,heart,0.55,0.49722,0.050000000000000044,-0.0027800000000000047,TRACKING
2025-08-09T14:30:24.757904,2/5,heart,0.54922,0.49722,0.04922000000000004,-0.0027800000000000047,TRACKING
2025-08-09T14:30:24.789025,2/5,heart,0.54922,0.49722,0.04922000000000004,-0.0027800000000000047,TRACKING
2025-08-09T14:30:24.820268,2/5,heart,0.54844,0.49722,0.04844000000000004,-0.0027800000000000047,TRACKING
2025-08-09T14:30:24.841989,2/5,heart,0.54844,0.49722,0.04844000000000004,-0.0027800000000000047,TRACKING
2025-08-09T14:30:24.881728,2/5,heart,0.54688,0.49722,0.04688000000000003,-0.0027800000000000047,TRACKING
2025-08-09T14:30:24.912327,2/5,heart,0.54531,0.49722,0.04530999999999996,-0.0027800000000000047,TRACKING
2025-08-09T14:30:24.943370,2/5,heart,0.54531,0.49722,0.04530999999999996,-0.0027800000000000047,TRACKING
2025-08-09T14:30:24.989570,2/5,heart,0.54531,0.49722,0.04530999999999996,-0.0027800000000000047,TRACKING
2025-08-09T14:30:25.010024,2/5,heart,0.54531,0.49722,0.04530999999999996,-0.0027800000000000047,TRACKING
2025-08-09T14:30:25.052395,2/5,heart,0.54375,0.49722,0.043749999999999956,-0.0027800000000000047,TRACKING
2025-08-09T14:30:25.083518,2/5,heart,0.54375,0.49722,0.043749999999999956,-0.0027800000000000047,TRACKING
2025-08-09T14:30:25.113973,2/5,heart,0.54375,0.49722,0.043749999999999956,-0.0027800000000000047,TRACKING
2025-08-09T14:30:25.160124,2/5,heart,0.54219,0.49722,0.04218999999999995,-0.0027800000000000047,TRACKING
2025-08-09T14:30:25.191575,2/5,heart,0.54219,0.49722,0.04218999999999995,-0.0027800000000000047,TRACKING
2025-08-09T14:30:25.222331,2/5,heart,0.54219,0.49722,0.04218999999999995,-0.0027800000000000047,TRACKING
2025-08-09T14:30:25.241255,2/5,heart,0.54219,0.49722,0.04218999999999995,-0.0027800000000000047,TRACKING
2025-08-09T14:30:25.284422,2/5,heart,0.54062,0.49722,0.04061999999999999,-0.0027800000000000047,TRACKING
2025-08-09T14:30:25.315548,2/5,heart,0.54062,0.49722,0.04061999999999999,-0.0027800000000000047,TRACKING
2025-08-09T14:30:25.346103,2/5,heart,0.53906,0.49722,0.039059999999999984,-0.0027800000000000047,TRACKING
2025-08-09T14:30:25.376247,2/5,heart,0.53906,0.49722,0.039059999999999984,-0.0027800000000000047,TRACKING
2025-08-09T14:30:25.409161,2/5,heart,0.53906,0.49722,0.039059999999999984,-0.0027800000000000047,TRACKING
2025-08-09T14:30:25.441588,2/5,heart,0.5375,0.49722,0.03749999999999998,-0.0027800000000000047,TRACKING
2025-08-09T14:30:25.484522,2/5,heart,0.5375,0.49722,0.03749999999999998,-0.0027800000000000047,TRACKING
2025-08-09T14:30:25.516059,2/5,heart,0.5375,0.49722,0.03749999999999998,-0.0027800000000000047,TRACKING
2025-08-09T14:30:25.541372,2/5,heart,0.53672,0.49722,0.036719999999999975,-0.0027800000000000047,TRACKING
2025-08-09T14:30:25.577654,2/5,heart,0.53672,0.49722,0.036719999999999975,-0.0027800000000000047,TRACKING
2025-08-09T14:30:25.624943,2/5,heart,0.53594,0.49722,0.03593999999999997,-0.0027800000000000047,TRACKING
2025-08-09T14:30:25.655482,2/5,heart,0.53594,0.49722,0.03593999999999997,-0.0027800000000000047,TRACKING
2025-08-09T14:30:25.678732,2/5,heart,0.53516,0.49722,0.03515999999999997,-0.0027800000000000047,TRACKING
2025-08-09T14:30:25.707807,2/5,heart,0.53438,0.49722,0.034379999999999966,-0.0027800000000000047,TRACKING
2025-08-09T14:30:25.747594,2/5,heart,0.53438,0.49722,0.034379999999999966,-0.0027800000000000047,TRACKING
2025-08-09T14:30:25.777148,2/5,heart,0.53438,0.49722,0.034379999999999966,-0.0027800000000000047,TRACKING
2025-08-09T14:30:25.809751,2/5,heart,0.53438,0.49722,0.034379999999999966,-0.0027800000000000047,TRACKING
2025-08-09T14:30:25.840086,2/5,heart,0.53281,0.49722,0.032810000000000006,-0.0027800000000000047,TRACKING
2025-08-09T14:30:25.886258,2/5,heart,0.53281,0.49722,0.032810000000000006,-0.0027800000000000047,TRACKING
2025-08-09T14:30:25.915591,2/5,heart,0.53281,0.49722,0.032810000000000006,-0.0027800000000000047,TRACKING
2025-08-09T14:30:25.946981,2/5,heart,0.53125,0.49722,0.03125,-0.0027800000000000047,TRACKING
2025-08-09T14:30:25.977532,2/5,heart,0.53125,0.49722,0.03125,-0.0027800000000000047,TRACKING
2025-08-09T14:30:26.024188,2/5,heart,0.53125,0.49722,0.03125,-0.0027800000000000047,TRACKING
2025-08-09T14:30:26.042082,2/5,heart,0.53125,0.49722,0.03125,-0.0027800000000000047,TRACKING
2025-08-09T14:30:26.086991,2/5,heart,0.53047,0.49722,0.030469999999999997,-0.0027800000000000047,TRACKING
2025-08-09T14:30:26.116628,2/5,heart,0.52969,0.49722,0.029689999999999994,-0.0027800000000000047,TRACKING
2025-08-09T14:30:26.146714,2/5,heart,0.52969,0.49722,0.029689999999999994,-0.0027800000000000047,TRACKING
2025-08-09T14:30:26.177486,2/5,heart,0.52969,0.49722,0.029689999999999994,-0.0027800000000000047,TRACKING
2025-08-09T14:30:26.223192,2/5,heart,0.52969,0.49722,0.029689999999999994,-0.0027800000000000047,TRACKING
2025-08-09T14:30:26.242153,2/5,heart,0.52891,0.49722,0.02890999999999999,-0.0027800000000000047,TRACKING
2025-08-09T14:30:26.285577,2/5,heart,0.52891,0.49722,0.02890999999999999,-0.0027800000000000047,TRACKING
2025-08-09T14:30:26.315671,2/5,heart,0.52812,0.49722,0.028120000000000034,-0.0027800000000000047,TRACKING
2025-08-09T14:30:26.347185,2/5,heart,0.52812,0.49722,0.028120000000000034,-0.0027800000000000047,TRACKING
2025-08-09T14:30:26.377240,2/5,heart,0.52734,0.49722,0.02734000000000003,-0.0027800000000000047,TRACKING
2025-08-09T14:30:26.408760,2/5,heart,0.52734,0.49722,0.02734000000000003,-0.0027800000000000047,TRACKING
2025-08-09T14:30:26.441261,2/5,heart,0.52734,0.49722,0.02734000000000003,-0.0027800000000000047,TRACKING
2025-08-09T14:30:26.472480,2/5,heart,0.52656,0.49722,0.026560000000000028,-0.0027800000000000047,TRACKING
2025-08-09T14:30:26.518157,2/5,heart,0.52578,0.49722,0.025780000000000025,-0.0027800000000000047,TRACKING
2025-08-09T14:30:26.548859,2/5,heart,0.52578,0.49722,0.025780000000000025,-0.0027800000000000047,TRACKING
2025-08-09T14:30:26.580038,2/5,heart,0.52578,0.49722,0.025780000000000025,-0.0027800000000000047,TRACKING
2025-08-09T14:30:26.625428,2/5,heart,0.52578,0.49722,0.025780000000000025,-0.0027800000000000047,TRACKING
2025-08-09T14:30:26.656724,2/5,heart,0.525,0.49722,0.025000000000000022,-0.0027800000000000047,TRACKING
2025-08-09T14:30:26.687484,2/5,heart,0.525,0.49722,0.025000000000000022,-0.0027800000000000047,TRACKING
2025-08-09T14:30:26.706907,2/5,heart,0.525,0.49722,0.025000000000000022,-0.0027800000000000047,TRACKING
2025-08-09T14:30:26.748440,2/5,heart,0.52344,0.49722,0.023440000000000016,-0.0027800000000000047,TRACKING
2025-08-09T14:30:26.778894,2/5,heart,0.52344,0.49722,0.023440000000000016,-0.0027800000000000047,TRACKING
2025-08-09T14:30:26.808759,2/5,heart,0.52344,0.49722,0.023440000000000016,-0.0027800000000000047,TRACKING
2025-08-09T14:30:26.839224,2/5,heart,0.52344,0.49722,0.023440000000000016,-0.0027800000000000047,TRACKING
2025-08-09T14:30:26.870034,2/5,heart,0.52344,0.49861,0.023440000000000016,-0.0013900000000000023,TRACKING
2025-08-09T14:30:26.916212,2/5,heart,0.52266,0.49861,0.022660000000000013,-0.0013900000000000023,TRACKING
2025-08-09T14:30:26.946601,2/5,heart,0.52266,0.49861,0.022660000000000013,-0.0013900000000000023,TRACKING
2025-08-09T14:30:26.973577,2/5,heart,0.52187,0.49861,0.021869999999999945,-0.0013900000000000023,TRACKING
2025-08-09T14:30:27.005946,2/5,heart,0.52187,0.49861,0.021869999999999945,-0.0013900000000000023,TRACKING
2025-08-09T14:30:27.039390,2/5,heart,0.52187,0.49861,0.021869999999999945,-0.0013900000000000023,TRACKING
2025-08-09T14:30:27.085566,2/5,heart,0.52109,0.49722,0.021090000000000053,-0.0027800000000000047,TRACKING
2025-08-09T14:30:27.116256,2/5,heart,0.52109,0.49722,0.021090000000000053,-0.0027800000000000047,TRACKING
2025-08-09T14:30:27.147375,2/5,heart,0.52031,0.49722,0.02031000000000005,-0.0027800000000000047,TRACKING
2025-08-09T14:30:27.177384,2/5,heart,0.52031,0.49722,0.02031000000000005,-0.0027800000000000047,TRACKING
2025-08-09T14:30:27.208388,2/5,heart,0.52031,0.49722,0.02031000000000005,-0.0027800000000000047,TRACKING
2025-08-09T14:30:27.253756,2/5,heart,0.52031,0.49722,0.02031000000000005,-0.0027800000000000047,TRACKING
2025-08-09T14:30:27.284101,2/5,heart,0.51953,0.49861,0.019530000000000047,-0.0013900000000000023,LOCKED
2025-08-09T14:30:27.305520,2/5,heart,0.51953,0.49861,0.019530000000000047,-0.0013900000000000023,FIRED
2025-08-09T14:30:29.334667,3/5,4,0.82031,0.5125,0.32031,0.012499999999999956,TRACKING
2025-08-09T14:30:29.367171,3/5,4,0.82031,0.5125,0.32031,0.012499999999999956,TRACKING
2025-08-09T14:30:29.396989,3/5,4,0.82031,0.5125,0.32031,0.012499999999999956,TRACKING
2025-08-09T14:30:29.427989,3/5,4,0.82031,0.5125,0.32031,0.012499999999999956,TRACKING
2025-08-09T14:30:29.447508,3/5,4,0.82031,0.5125,0.32031,0.012499999999999956,TRACKING
2025-08-09T14:30:29.474519,3/5,4,0.81953,0.51111,0.31953,0.011109999999999953,TRACKING
2025-08-09T14:30:29.504727,3/5,4,0.81953,0.51111,0.31953,0.011109999999999953,TRACKING
2025-08-09T14:30:29.536694,3/5,4,0.81406,0.49861,0.31406,-0.0013900000000000023,TRACKING
2025-08-09T14:30:29.582211,3/5,,,,,,NOT_FOUND
2025-08-09T14:30:29.692477,3/5,4,0.60703,0.47639,0.10702999999999996,-0.02361000000000002,TRACKING
2025-08-09T14:30:29.708122,3/5,4,0.60391,0.48194,0.10390999999999995,-0.01806000000000002,TRACKING
2025-08-09T14:30:29.737313,3/5,4,0.60391,0.48194,0.10390999999999995,-0.01806000000000002,TRACKING
2025-08-09T14:30:29.784591,3/5,4,0.60313,0.48194,0.10313000000000005,-0.01806000000000002,TRACKING
2025-08-09T14:30:29.814893,3/5,4,0.60313,0.48194,0.10313000000000005,-0.01806000000000002,TRACKING
2025-08-09T14:30:29.846694,3/5,4,0.60391,0.48194,0.10390999999999995,-0.01806000000000002,TRACKING
2025-08-09T14:30:29.876424,3/5,4,0.60703,0.47917,0.10702999999999996,-0.020830000000000015,TRACKING
2025-08-09T14:30:29.900332,3/5,4,0.60703,0.47917,0.10702999999999996,-0.020830000000000015,TRACKING
2025-08-09T14:30:29.953042,3/5,4,0.60547,0.48056,0.10546999999999995,-0.019440000000000013,TRACKING
2025-08-09T14:30:29.970978,3/5,4,0.60391,0.48194,0.10390999999999995,-0.01806000000000002,TRACKING
2025-08-09T14:30:30.014528,3/5,4,0.60391,0.48194,0.10390999999999995,-0.01806000000000002,TRACKING
2025-08-09T14:30:30.044718,3/5,4,0.59922,0.48194,0.09921999999999997,-0.01806000000000002,TRACKING
2025-08-09T14:30:30.075243,3/5,4,0.59922,0.48194,0.09921999999999997,-0.01806000000000002,TRACKING
2025-08-09T14:30:30.107258,3/5,4,0.59844,0.48194,0.09843999999999997,-0.01806000000000002,TRACKING
2025-08-09T14:30:30.138193,3/5,4,0.59609,0.48194,0.09609000000000001,-0.01806000000000002,TRACKING
2025-08-09T14:30:30.166948,3/5,4,0.59609,0.48194,0.09609000000000001,-0.01806000000000002,TRACKING
2025-08-09T14:30:30.200666,3/5,4,0.59453,0.48194,0.09453,-0.01806000000000002,TRACKING
2025-08-09T14:30:30.235081,3/5,4,0.59453,0.48194,0.09453,-0.01806000000000002,TRACKING
2025-08-09T14:30:30.277425,3/5,4,0.59297,0.48333,0.09297,-0.016670000000000018,TRACKING
2025-08-09T14:30:30.300430,3/5,4,0.59297,0.48333,0.09297,-0.016670000000000018,TRACKING
2025-08-09T14:30:30.337733,3/5,4,0.59141,0.48333,0.09140999999999999,-0.016670000000000018,TRACKING
2025-08-09T14:30:30.368474,3/5,4,0.58984,0.48333,0.08984000000000003,-0.016670000000000018,TRACKING
2025-08-09T14:30:30.414443,3/5,4,0.58984,0.48333,0.08984000000000003,-0.016670000000000018,TRACKING
2025-08-09T14:30:30.445869,3/5,4,0.5875,0.48472,0.08750000000000002,-0.015280000000000016,TRACKING
2025-08-09T14:30:30.476060,3/5,4,0.58438,0.48472,0.08438000000000001,-0.015280000000000016,TRACKING
2025-08-09T14:30:30.506265,3/5,4,0.58438,0.48472,0.08438000000000001,-0.015280000000000016,TRACKING
2025-08-09T14:30:30.537303,3/5,4,0.58438,0.48472,0.08438000000000001,-0.015280000000000016,TRACKING
2025-08-09T14:30:30.567625,3/5,4,0.58438,0.48472,0.08438000000000001,-0.015280000000000016,TRACKING
2025-08-09T14:30:30.602683,3/5,4,0.58203,0.48472,0.08203000000000005,-0.015280000000000016,TRACKING
2025-08-09T14:30:30.634484,3/5,4,0.58125,0.48611,0.08125000000000004,-0.013890000000000013,TRACKING
2025-08-09T14:30:30.668943,3/5,4,0.57969,0.48611,0.07969000000000004,-0.013890000000000013,TRACKING
2025-08-09T14:30:30.707053,3/5,4,0.57969,0.48611,0.07969000000000004,-0.013890000000000013,TRACKING
2025-08-09T14:30:30.737481,3/5,4,0.57734,0.48611,0.07733999999999996,-0.013890000000000013,TRACKING
2025-08-09T14:30:30.769082,3/5,4,0.57734,0.48611,0.07733999999999996,-0.013890000000000013,TRACKING
2025-08-09T14:30:30.814632,3/5,4,0.57656,0.4875,0.07655999999999996,-0.012500000000000011,TRACKING
2025-08-09T14:30:30.835050,3/5,4,0.575,0.4875,0.07499999999999996,-0.012500000000000011,TRACKING
2025-08-09T14:30:30.875196,3/5,4,0.57344,0.4875,0.07343999999999995,-0.012500000000000011,TRACKING
2025-08-09T14:30:30.905694,3/5,4,0.57344,0.4875,0.07343999999999995,-0.012500000000000011,TRACKING
2025-08-09T14:30:30.935351,3/5,4,0.57188,0.48889,0.07188000000000005,-0.011110000000000009,TRACKING
2025-08-09T14:30:30.982663,3/5,4,0.57188,0.48889,0.07188000000000005,-0.011110000000000009,TRACKING
2025-08-09T14:30:31.013718,3/5,4,0.57188,0.48889,0.07188000000000005,-0.011110000000000009,TRACKING
2025-08-09T14:30:31.044045,3/5,4,0.57031,0.48889,0.07030999999999998,-0.011110000000000009,TRACKING
2025-08-09T14:30:31.073856,3/5,4,0.57031,0.48889,0.07030999999999998,-0.011110000000000009,TRACKING
2025-08-09T14:30:31.104857,3/5,4,0.56875,0.48889,0.06874999999999998,-0.011110000000000009,TRACKING
2025-08-09T14:30:31.135323,3/5,4,0.56875,0.48889,0.06874999999999998,-0.011110000000000009,TRACKING
2025-08-09T14:30:31.182067,3/5,4,0.56719,0.48889,0.06718999999999997,-0.011110000000000009,TRACKING
2025-08-09T14:30:31.212732,3/5,4,0.56563,0.48889,0.06562999999999997,-0.011110000000000009,TRACKING
2025-08-09T14:30:31.243404,3/5,4,0.56563,0.48889,0.06562999999999997,-0.011110000000000009,TRACKING
2025-08-09T14:30:31.273821,3/5,4,0.56563,0.48889,0.06562999999999997,-0.011110000000000009,TRACKING
2025-08-09T14:30:31.304644,3/5,4,0.56406,0.49028,0.06406,-0.009720000000000006,TRACKING
2025-08-09T14:30:31.335626,3/5,4,0.56406,0.49028,0.06406,-0.009720000000000006,TRACKING
2025-08-09T14:30:31.380612,3/5,4,0.5625,0.48889,0.0625,-0.011110000000000009,TRACKING
2025-08-09T14:30:31.411273,3/5,4,0.56094,0.48889,0.060939999999999994,-0.011110000000000009,TRACKING
2025-08-09T14:30:31.441914,3/5,4,0.56094,0.48889,0.060939999999999994,-0.011110000000000009,TRACKING
2025-08-09T14:30:31.472450,3/5,4,0.56094,0.49028,0.060939999999999994,-0.009720000000000006,TRACKING
2025-08-09T14:30:31.503948,3/5,4,0.56094,0.49028,0.060939999999999994,-0.009720000000000006,TRACKING
2025-08-09T14:30:31.534937,3/5,4,0.55938,0.49028,0.05937999999999999,-0.009720000000000006,TRACKING
2025-08-09T14:30:31.568454,3/5,4,0.55781,0.49167,0.05781000000000003,-0.008330000000000004,TRACKING
2025-08-09T14:30:31.612458,3/5,4,0.55781,0.49167,0.05781000000000003,-0.008330000000000004,TRACKING
2025-08-09T14:30:31.631033,3/5,4,0.55625,0.49028,0.05625000000000002,-0.009720000000000006,TRACKING
2025-08-09T14:30:31.665843,3/5,4,0.55625,0.49028,0.05625000000000002,-0.009720000000000006,TRACKING
2025-08-09T14:30:31.736284,3/5,4,0.55469,0.49167,0.054690000000000016,-0.008330000000000004,TRACKING
2025-08-09T14:30:31.765565,3/5,4,0.55469,0.49167,0.054690000000000016,-0.008330000000000004,TRACKING
2025-08-09T14:30:31.796247,3/5,4,0.55391,0.49167,0.05391000000000001,-0.008330000000000004,TRACKING
2025-08-09T14:30:31.827030,3/5,4,0.55391,0.49167,0.05391000000000001,-0.008330000000000004,TRACKING
2025-08-09T14:30:31.844847,3/5,4,0.55313,0.49167,0.05313000000000001,-0.008330000000000004,TRACKING
2025-08-09T14:30:31.865838,3/5,4,0.55313,0.49167,0.05313000000000001,-0.008330000000000004,TRACKING
2025-08-09T14:30:31.900368,3/5,4,0.55156,0.49167,0.05156000000000005,-0.008330000000000004,TRACKING
2025-08-09T14:30:31.934868,3/5,4,0.55078,0.49306,0.05078000000000005,-0.006940000000000002,TRACKING
2025-08-09T14:30:31.967595,3/5,4,0.55078,0.49306,0.05078000000000005,-0.006940000000000002,TRACKING
2025-08-09T14:30:32.013103,3/5,4,0.55,0.49167,0.050000000000000044,-0.008330000000000004,TRACKING
2025-08-09T14:30:32.031800,3/5,4,0.54844,0.49167,0.04844000000000004,-0.008330000000000004,TRACKING
2025-08-09T14:30:32.074236,3/5,4,0.54844,0.49167,0.04844000000000004,-0.008330000000000004,TRACKING
2025-08-09T14:30:32.105439,3/5,4,0.54844,0.49167,0.04844000000000004,-0.008330000000000004,TRACKING
2025-08-09T14:30:32.136690,3/5,4,0.54844,0.49167,0.04844000000000004,-0.008330000000000004,TRACKING
2025-08-09T14:30:32.168771,3/5,4,0.54688,0.49167,0.04688000000000003,-0.008330000000000004,TRACKING
2025-08-09T14:30:32.213344,3/5,4,0.54688,0.49167,0.04688000000000003,-0.008330000000000004,TRACKING
2025-08-09T14:30:32.243990,3/5,4,0.54688,0.49444,0.04688000000000003,-0.005560000000000009,TRACKING
2025-08-09T14:30:32.263677,3/5,4,0.54609,0.49306,0.046089999999999964,-0.006940000000000002,TRACKING
2025-08-09T14:30:32.301426,3/5,4,0.54609,0.49306,0.046089999999999964,-0.006940000000000002,TRACKING
2025-08-09T14:30:32.335345,3/5,4,0.54531,0.49444,0.04530999999999996,-0.005560000000000009,TRACKING
2025-08-09T14:30:32.361791,3/5,4,0.54531,0.49444,0.04530999999999996,-0.005560000000000009,TRACKING
2025-08-09T14:30:32.412856,3/5,4,0.54375,0.49444,0.043749999999999956,-0.005560000000000009,TRACKING
2025-08-09T14:30:32.443315,3/5,4,0.54375,0.49444,0.043749999999999956,-0.005560000000000009,TRACKING
2025-08-09T14:30:32.464334,3/5,4,0.54375,0.49444,0.043749999999999956,-0.005560000000000009,TRACKING
2025-08-09T14:30:32.504598,3/5,4,0.54297,0.49444,0.04296999999999995,-0.005560000000000009,TRACKING
2025-08-09T14:30:32.535738,3/5,4,0.54219,0.49444,0.04218999999999995,-0.005560000000000009,TRACKING
2025-08-09T14:30:32.566451,3/5,4,0.54219,0.49444,0.04218999999999995,-0.005560000000000009,TRACKING
2025-08-09T14:30:32.599122,3/5,4,0.54141,0.49583,0.04140999999999995,-0.004170000000000007,TRACKING
2025-08-09T14:30:32.642446,3/5,4,0.54063,0.49444,0.040630000000000055,-0.005560000000000009,TRACKING
2025-08-09T14:30:32.665269,3/5,4,0.54063,0.49444,0.040630000000000055,-0.005560000000000009,TRACKING
2025-08-09T14:30:32.703744,3/5,4,0.53906,0.49444,0.039059999999999984,-0.005560000000000009,TRACKING
2025-08-09T14:30:32.734159,3/5,4,0.53828,0.49583,0.03827999999999998,-0.004170000000000007,TRACKING
2025-08-09T14:30:32.765759,3/5,4,0.53828,0.49583,0.03827999999999998,-0.004170000000000007,TRACKING
2025-08-09T14:30:32.811836,3/5,4,0.53828,0.49444,0.03827999999999998,-0.005560000000000009,TRACKING
2025-08-09T14:30:32.842338,3/5,4,0.53672,0.49583,0.036719999999999975,-0.004170000000000007,TRACKING
2025-08-09T14:30:32.873460,3/5,4,0.53672,0.49583,0.036719999999999975,-0.004170000000000007,TRACKING
2025-08-09T14:30:32.903499,3/5,4,0.53672,0.49583,0.036719999999999975,-0.004170000000000007,TRACKING
2025-08-09T14:30:32.933684,3/5,4,0.53594,0.49444,0.03593999999999997,-0.005560000000000009,TRACKING
2025-08-09T14:30:32.964578,3/5,4,0.53594,0.49444,0.03593999999999997,-0.005560000000000009,TRACKING
2025-08-09T14:30:32.997056,3/5,4,0.53516,0.49444,0.03515999999999997,-0.005560000000000009,TRACKING
2025-08-09T14:30:33.042292,3/5,4,0.53516,0.49444,0.03515999999999997,-0.005560000000000009,TRACKING
2025-08-09T14:30:33.073403,3/5,4,0.53516,0.49583,0.03515999999999997,-0.004170000000000007,TRACKING
2025-08-09T14:30:33.103475,3/5,4,0.53359,0.49583,0.03359000000000001,-0.004170000000000007,TRACKING
2025-08-09T14:30:33.134056,3/5,4,0.53359,0.49583,0.03359000000000001,-0.004170000000000007,TRACKING
2025-08-09T14:30:33.180481,3/5,4,0.53359,0.49583,0.03359000000000001,-0.004170000000000007,TRACKING
2025-08-09T14:30:33.213103,3/5,4,0.53359,0.49583,0.03359000000000001,-0.004170000000000007,TRACKING
2025-08-09T14:30:33.243019,3/5,4,0.53281,0.49722,0.032810000000000006,-0.0027800000000000047,TRACKING
2025-08-09T14:30:33.274158,3/5,4,0.53281,0.49722,0.032810000000000006,-0.0027800000000000047,TRACKING
2025-08-09T14:30:33.296834,3/5,4,0.53203,0.49583,0.03203,-0.004170000000000007,TRACKING
2025-08-09T14:30:33.335527,3/5,4,0.53203,0.49583,0.03203,-0.004170000000000007,TRACKING
2025-08-09T14:30:33.361842,3/5,4,0.53203,0.49583,0.03203,-0.004170000000000007,TRACKING
2025-08-09T14:30:33.396773,3/5,4,0.53047,0.49583,0.030469999999999997,-0.004170000000000007,TRACKING
2025-08-09T14:30:33.429299,3/5,4,0.53047,0.49583,0.030469999999999997,-0.004170000000000007,TRACKING
2025-08-09T14:30:33.473646,3/5,4,0.53047,0.49583,0.030469999999999997,-0.004170000000000007,TRACKING
2025-08-09T14:30:33.496072,3/5,4,0.52969,0.49722,0.029689999999999994,-0.0027800000000000047,TRACKING
2025-08-09T14:30:33.535899,3/5,4,0.52891,0.49722,0.02890999999999999,-0.0027800000000000047,TRACKING
2025-08-09T14:30:33.566618,3/5,4,0.52891,0.49722,0.02890999999999999,-0.0027800000000000047,TRACKING
2025-08-09T14:30:33.597979,3/5,4,0.52812,0.49583,0.028120000000000034,-0.004170000000000007,TRACKING
2025-08-09T14:30:33.643331,3/5,4,0.52812,0.49583,0.028120000000000034,-0.004170000000000007,TRACKING
2025-08-09T14:30:33.674380,3/5,4,0.52812,0.49722,0.028120000000000034,-0.0027800000000000047,TRACKING
2025-08-09T14:30:33.705577,3/5,4,0.52734,0.49722,0.02734000000000003,-0.0027800000000000047,TRACKING
2025-08-09T14:30:33.736177,3/5,4,0.52734,0.49722,0.02734000000000003,-0.0027800000000000047,TRACKING
2025-08-09T14:30:33.761308,3/5,4,0.52734,0.49722,0.02734000000000003,-0.0027800000000000047,TRACKING
2025-08-09T14:30:33.797710,3/5,4,0.52656,0.49722,0.026560000000000028,-0.0027800000000000047,TRACKING
2025-08-09T14:30:33.844308,3/5,4,0.52656,0.49722,0.026560000000000028,-0.0027800000000000047,TRACKING
2025-08-09T14:30:33.861468,3/5,4,0.52578,0.49722,0.025780000000000025,-0.0027800000000000047,TRACKING
2025-08-09T14:30:33.904044,3/5,4,0.52578,0.49722,0.025780000000000025,-0.0027800000000000047,TRACKING
2025-08-09T14:30:33.934466,3/5,4,0.52578,0.49722,0.025780000000000025,-0.0027800000000000047,TRACKING
2025-08-09T14:30:33.966084,3/5,4,0.525,0.49583,0.025000000000000022,-0.004170000000000007,TRACKING
2025-08-09T14:30:33.999882,3/5,4,0.525,0.49583,0.025000000000000022,-0.004170000000000007,TRACKING
2025-08-09T14:30:34.028389,3/5,4,0.525,0.49722,0.025000000000000022,-0.0027800000000000047,TRACKING
2025-08-09T14:30:34.061256,3/5,4,0.525,0.49722,0.025000000000000022,-0.0027800000000000047,TRACKING
2025-08-09T14:30:34.095220,3/5,4,0.52422,0.49722,0.02422000000000002,-0.0027800000000000047,TRACKING
2025-08-09T14:30:34.128912,3/5,4,0.52422,0.49722,0.02422000000000002,-0.0027800000000000047,TRACKING
2025-08-09T14:30:34.167192,3/5,4,0.52422,0.49722,0.02422000000000002,-0.0027800000000000047,TRACKING
2025-08-09T14:30:34.212518,3/5,4,0.52422,0.49722,0.02422000000000002,-0.0027800000000000047,TRACKING
2025-08-09T14:30:34.230775,3/5,4,0.52344,0.49722,0.023440000000000016,-0.0027800000000000047,TRACKING
2025-08-09T14:30:34.260760,3/5,4,0.52344,0.49722,0.023440000000000016,-0.0027800000000000047,TRACKING
2025-08-09T14:30:34.293525,3/5,4,0.52266,0.49722,0.022660000000000013,-0.0027800000000000047,TRACKING
2025-08-09T14:30:34.336861,3/5,4,0.52266,0.49722,0.022660000000000013,-0.0027800000000000047,TRACKING
2025-08-09T14:30:34.365555,3/5,4,0.52266,0.49722,0.022660000000000013,-0.0027800000000000047,TRACKING
2025-08-09T14:30:34.397503,3/5,4,0.52188,0.49722,0.02188000000000001,-0.0027800000000000047,TRACKING
2025-08-09T14:30:34.427850,3/5,4,0.52188,0.49722,0.02188000000000001,-0.0027800000000000047,TRACKING
2025-08-09T14:30:34.460348,3/5,4,0.52188,0.49722,0.02188000000000001,-0.0027800000000000047,TRACKING
2025-08-09T14:30:34.493686,3/5,4,0.52109,0.49722,0.021090000000000053,-0.0027800000000000047,TRACKING
2025-08-09T14:30:34.527484,3/5,4,0.52109,0.49722,0.021090000000000053,-0.0027800000000000047,TRACKING
2025-08-09T14:30:34.560533,3/5,4,0.52109,0.49722,0.021090000000000053,-0.0027800000000000047,TRACKING
2025-08-09T14:30:34.596717,3/5,4,0.52031,0.49583,0.02031000000000005,-0.004170000000000007,TRACKING
2025-08-09T14:30:34.642592,3/5,4,0.52031,0.49583,0.02031000000000005,-0.004170000000000007,TRACKING
2025-08-09T14:30:34.673569,3/5,4,0.52031,0.49722,0.02031000000000005,-0.0027800000000000047,TRACKING
2025-08-09T14:30:34.704797,3/5,4,0.51953,0.49722,0.019530000000000047,-0.0027800000000000047,LOCKED
2025-08-09T14:30:34.724781,3/5,4,0.51953,0.49722,0.019530000000000047,-0.0027800000000000047,FIRED
2025-08-09T14:30:36.749146,4/5,heart,0.21641,0.51806,-0.28359,0.018059999999999965,TRACKING
2025-08-09T14:30:36.780481,4/5,heart,0.21641,0.51806,-0.28359,0.018059999999999965,TRACKING
2025-08-09T14:30:36.810616,4/5,heart,0.21641,0.51806,-0.28359,0.018059999999999965,TRACKING
2025-08-09T14:30:36.840701,4/5,heart,0.21641,0.51806,-0.28359,0.018059999999999965,TRACKING
2025-08-09T14:30:36.871691,4/5,heart,0.21641,0.51806,-0.28359,0.018059999999999965,TRACKING
2025-08-09T14:30:36.902123,4/5,heart,0.21641,0.51806,-0.28359,0.018059999999999965,TRACKING
2025-08-09T14:30:36.933421,4/5,,,,,,NOT_FOUND
2025-08-09T14:30:37.043024,4/5,,,,,,NOT_FOUND
2025-08-09T14:30:37.150431,4/5,heart,0.43359,0.49028,-0.06641000000000002,-0.009720000000000006,TRACKING
2025-08-09T14:30:37.177825,4/5,heart,0.43359,0.49028,-0.06641000000000002,-0.009720000000000006,TRACKING
2025-08-09T14:30:37.208903,4/5,heart,0.43438,0.49028,-0.06562000000000001,-0.009720000000000006,TRACKING
2025-08-09T14:30:37.238974,4/5,heart,0.43438,0.49028,-0.06562000000000001,-0.009720000000000006,TRACKING
2025-08-09T14:30:37.271489,4/5,heart,0.43438,0.49028,-0.06562000000000001,-0.009720000000000006,TRACKING
2025-08-09T14:30:37.301619,4/5,heart,0.43125,0.49028,-0.06874999999999998,-0.009720000000000006,TRACKING
2025-08-09T14:30:37.325622,4/5,heart,0.43125,0.49028,-0.06874999999999998,-0.009720000000000006,TRACKING
2025-08-09T14:30:37.362729,4/5,heart,0.42969,0.49028,-0.07030999999999998,-0.009720000000000006,TRACKING
2025-08-09T14:30:37.393842,4/5,heart,0.42969,0.49028,-0.07030999999999998,-0.009720000000000006,TRACKING
2025-08-09T14:30:37.424810,4/5,heart,0.43203,0.49306,-0.06796999999999997,-0.006940000000000002,TRACKING
2025-08-09T14:30:37.459312,4/5,heart,0.43359,0.49306,-0.06641000000000002,-0.006940000000000002,TRACKING
2025-08-09T14:30:37.502603,4/5,heart,0.43359,0.49306,-0.06641000000000002,-0.006940000000000002,TRACKING
2025-08-09T14:30:37.533416,4/5,heart,0.43516,0.49306,-0.06484000000000001,-0.006940000000000002,TRACKING
2025-08-09T14:30:37.564683,4/5,heart,0.43516,0.49306,-0.06484000000000001,-0.006940000000000002,TRACKING
2025-08-09T14:30:37.594164,4/5,heart,0.43672,0.49306,-0.06328,-0.006940000000000002,TRACKING
2025-08-09T14:30:37.639298,4/5,heart,0.43672,0.49306,-0.06328,-0.006940000000000002,TRACKING
2025-08-09T14:30:37.657324,4/5,heart,0.43828,0.49306,-0.06172,-0.006940000000000002,TRACKING
2025-08-09T14:30:37.689722,4/5,heart,0.43984,0.49306,-0.06015999999999999,-0.006940000000000002,TRACKING
2025-08-09T14:30:37.729889,4/5,heart,0.43984,0.49306,-0.06015999999999999,-0.006940000000000002,TRACKING
2025-08-09T14:30:37.760715,4/5,heart,0.43984,0.49306,-0.06015999999999999,-0.006940000000000002,TRACKING
2025-08-09T14:30:37.792182,4/5,heart,0.44141,0.49306,-0.058589999999999975,-0.006940000000000002,TRACKING
2025-08-09T14:30:37.838738,4/5,heart,0.44141,0.49306,-0.058589999999999975,-0.006940000000000002,TRACKING
2025-08-09T14:30:37.869090,4/5,heart,0.44141,0.49306,-0.058589999999999975,-0.006940000000000002,TRACKING
2025-08-09T14:30:37.889831,4/5,heart,0.44141,0.49306,-0.058589999999999975,-0.006940000000000002,TRACKING
2025-08-09T14:30:37.924492,4/5,heart,0.44297,0.49306,-0.057030000000000025,-0.006940000000000002,TRACKING
2025-08-09T14:30:37.961766,4/5,heart,0.44297,0.49306,-0.057030000000000025,-0.006940000000000002,TRACKING
2025-08-09T14:30:38.008364,4/5,heart,0.44453,0.49306,-0.05547000000000002,-0.006940000000000002,TRACKING
2025-08-09T14:30:38.025534,4/5,heart,0.44453,0.49306,-0.05547000000000002,-0.006940000000000002,TRACKING
2025-08-09T14:30:38.069433,4/5,heart,0.44609,0.49444,-0.05391000000000001,-0.005560000000000009,TRACKING
2025-08-09T14:30:38.089379,4/5,heart,0.44609,0.49583,-0.05391000000000001,-0.004170000000000007,TRACKING
2025-08-09T14:30:38.130734,4/5,heart,0.44609,0.49583,-0.05391000000000001,-0.004170000000000007,TRACKING
2025-08-09T14:30:38.161791,4/5,heart,0.44766,0.49583,-0.05234,-0.004170000000000007,TRACKING
2025-08-09T14:30:38.189856,4/5,heart,0.44766,0.49583,-0.05234,-0.004170000000000007,TRACKING
2025-08-09T14:30:38.223988,4/5,heart,0.44922,0.49583,-0.05077999999999999,-0.004170000000000007,TRACKING
2025-08-09T14:30:38.270081,4/5,heart,0.44922,0.49583,-0.05077999999999999,-0.004170000000000007,TRACKING
2025-08-09T14:30:38.300615,4/5,heart,0.45078,0.49306,-0.049219999999999986,-0.006940000000000002,TRACKING
2025-08-09T14:30:38.331880,4/5,heart,0.45078,0.49306,-0.049219999999999986,-0.006940000000000002,TRACKING
2025-08-09T14:30:38.356437,4/5,heart,0.45156,0.49306,-0.04843999999999998,-0.006940000000000002,TRACKING
2025-08-09T14:30:38.390036,4/5,heart,0.45234,0.49306,-0.04765999999999998,-0.006940000000000002,TRACKING
2025-08-09T14:30:38.438124,4/5,heart,0.45234,0.49306,-0.04765999999999998,-0.006940000000000002,TRACKING
2025-08-09T14:30:38.458649,4/5,heart,0.45312,0.49583,-0.04687999999999998,-0.004170000000000007,TRACKING
2025-08-09T14:30:38.499898,4/5,heart,0.45391,0.49583,-0.04609000000000002,-0.004170000000000007,TRACKING
2025-08-09T14:30:38.530689,4/5,heart,0.45391,0.49583,-0.04609000000000002,-0.004170000000000007,TRACKING
2025-08-09T14:30:38.554389,4/5,heart,0.45469,0.49583,-0.04531000000000002,-0.004170000000000007,TRACKING
2025-08-09T14:30:38.592791,4/5,heart,0.45469,0.49583,-0.04531000000000002,-0.004170000000000007,TRACKING
2025-08-09T14:30:38.626676,4/5,heart,0.45547,0.49444,-0.044530000000000014,-0.005560000000000009,TRACKING
2025-08-09T14:30:38.653574,4/5,heart,0.45547,0.49444,-0.044530000000000014,-0.005560000000000009,TRACKING
2025-08-09T14:30:38.686623,4/5,heart,0.45547,0.49306,-0.044530000000000014,-0.006940000000000002,TRACKING
2025-08-09T14:30:38.730761,4/5,heart,0.45547,0.49306,-0.044530000000000014,-0.006940000000000002,TRACKING
2025-08-09T14:30:38.761107,4/5,heart,0.45703,0.49306,-0.04297000000000001,-0.006940000000000002,TRACKING
2025-08-09T14:30:38.791178,4/5,heart,0.45859,0.49583,-0.04141,-0.004170000000000007,TRACKING
2025-08-09T14:30:38.821579,4/5,heart,0.45859,0.49583,-0.04141,-0.004170000000000007,TRACKING
2025-08-09T14:30:38.854076,4/5,heart,0.45859,0.49583,-0.04141,-0.004170000000000007,TRACKING
2025-08-09T14:30:38.899259,4/5,heart,0.45859,0.49583,-0.04141,-0.004170000000000007,TRACKING
2025-08-09T14:30:38.930518,4/5,heart,0.46016,0.49583,-0.03983999999999999,-0.004170000000000007,TRACKING
2025-08-09T14:30:38.961321,4/5,heart,0.46016,0.49583,-0.03983999999999999,-0.004170000000000007,TRACKING
2025-08-09T14:30:38.992546,4/5,heart,0.46016,0.49583,-0.03983999999999999,-0.004170000000000007,TRACKING
2025-08-09T14:30:39.023495,4/5,heart,0.46094,0.49583,-0.039059999999999984,-0.004170000000000007,TRACKING
2025-08-09T14:30:39.054715,4/5,heart,0.46094,0.49583,-0.039059999999999984,-0.004170000000000007,TRACKING
2025-08-09T14:30:39.101009,4/5,heart,0.46172,0.49583,-0.03827999999999998,-0.004170000000000007,TRACKING
2025-08-09T14:30:39.126139,4/5,heart,0.46172,0.49583,-0.03827999999999998,-0.004170000000000007,TRACKING
2025-08-09T14:30:39.161622,4/5,heart,0.46328,0.49583,-0.036719999999999975,-0.004170000000000007,TRACKING
2025-08-09T14:30:39.191866,4/5,heart,0.46328,0.49583,-0.036719999999999975,-0.004170000000000007,TRACKING
2025-08-09T14:30:39.237038,4/5,heart,0.46328,0.49583,-0.036719999999999975,-0.004170000000000007,TRACKING
2025-08-09T14:30:39.254460,4/5,heart,0.46484,0.49583,-0.035160000000000025,-0.004170000000000007,TRACKING
2025-08-09T14:30:39.301013,4/5,heart,0.46484,0.49583,-0.035160000000000025,-0.004170000000000007,TRACKING
2025-08-09T14:30:39.331594,4/5,heart,0.46484,0.49583,-0.035160000000000025,-0.004170000000000007,TRACKING
2025-08-09T14:30:39.362155,4/5,heart,0.46641,0.49583,-0.03359000000000001,-0.004170000000000007,TRACKING
2025-08-09T14:30:39.394673,4/5,heart,0.46641,0.49583,-0.03359000000000001,-0.004170000000000007,TRACKING
2025-08-09T14:30:39.424471,4/5,heart,0.46641,0.49583,-0.03359000000000001,-0.004170000000000007,TRACKING
2025-08-09T14:30:39.455259,4/5,heart,0.46641,0.49583,-0.03359000000000001,-0.004170000000000007,TRACKING
2025-08-09T14:30:39.500270,4/5,heart,0.46641,0.49861,-0.03359000000000001,-0.0013900000000000023,TRACKING
2025-08-09T14:30:39.530754,4/5,heart,0.46641,0.49861,-0.03359000000000001,-0.0013900000000000023,TRACKING
2025-08-09T14:30:39.555762,4/5,heart,0.46641,0.49861,-0.03359000000000001,-0.0013900000000000023,TRACKING
2025-08-09T14:30:39.593126,4/5,heart,0.46641,0.49861,-0.03359000000000001,-0.0013900000000000023,TRACKING
2025-08-09T14:30:39.620343,4/5,heart,0.46797,0.49861,-0.03203,-0.0013900000000000023,TRACKING
2025-08-09T14:30:39.655292,4/5,heart,0.46797,0.49861,-0.03203,-0.0013900000000000023,TRACKING
2025-08-09T14:30:39.686806,4/5,heart,0.46797,0.49861,-0.03203,-0.0013900000000000023,TRACKING
2025-08-09T14:30:39.732546,4/5,heart,0.46953,0.49861,-0.030469999999999997,-0.0013900000000000023,TRACKING
2025-08-09T14:30:39.763852,4/5,heart,0.46953,0.49861,-0.030469999999999997,-0.0013900000000000023,TRACKING
2025-08-09T14:30:39.786024,4/5,heart,0.46953,0.49861,-0.030469999999999997,-0.0013900000000000023,TRACKING
2025-08-09T14:30:39.826518,4/5,heart,0.46953,0.49861,-0.030469999999999997,-0.0013900000000000023,TRACKING
2025-08-09T14:30:39.857053,4/5,heart,0.47031,0.49861,-0.029689999999999994,-0.0013900000000000023,TRACKING
2025-08-09T14:30:39.886243,4/5,heart,0.47109,0.49861,-0.02890999999999999,-0.0013900000000000023,TRACKING
2025-08-09T14:30:39.919133,4/5,heart,0.47109,0.49861,-0.02890999999999999,-0.0013900000000000023,TRACKING
2025-08-09T14:30:39.952005,4/5,heart,0.47109,0.49861,-0.02890999999999999,-0.0013900000000000023,TRACKING
2025-08-09T14:30:39.995541,4/5,heart,0.47109,0.49861,-0.02890999999999999,-0.0013900000000000023,TRACKING
2025-08-09T14:30:40.026701,4/5,heart,0.47188,0.49861,-0.02811999999999998,-0.0013900000000000023,TRACKING
2025-08-09T14:30:40.052442,4/5,heart,0.47266,0.49861,-0.027339999999999975,-0.0013900000000000023,TRACKING
2025-08-09T14:30:40.088567,4/5,heart,0.47266,0.49861,-0.027339999999999975,-0.0013900000000000023,TRACKING
2025-08-09T14:30:40.126934,4/5,heart,0.47266,0.49861,-0.027339999999999975,-0.0013900000000000023,TRACKING
2025-08-09T14:30:40.165100,4/5,heart,0.47266,0.49861,-0.027339999999999975,-0.0013900000000000023,TRACKING
2025-08-09T14:30:40.196107,4/5,heart,0.47344,0.49861,-0.026559999999999973,-0.0013900000000000023,TRACKING
2025-08-09T14:30:40.219008,4/5,heart,0.47344,0.49861,-0.026559999999999973,-0.0013900000000000023,TRACKING
2025-08-09T14:30:40.252129,4/5,heart,0.47422,0.49861,-0.025780000000000025,-0.0013900000000000023,TRACKING
2025-08-09T14:30:40.287979,4/5,heart,0.47422,0.49861,-0.025780000000000025,-0.0013900000000000023,TRACKING
2025-08-09T14:30:40.318985,4/5,heart,0.47422,0.49861,-0.025780000000000025,-0.0013900000000000023,TRACKING
2025-08-09T14:30:40.350993,4/5,heart,0.47422,0.49861,-0.025780000000000025,-0.0013900000000000023,TRACKING
2025-08-09T14:30:40.396969,4/5,heart,0.47422,0.49861,-0.025780000000000025,-0.0013900000000000023,TRACKING
2025-08-09T14:30:40.426971,4/5,heart,0.47578,0.49861,-0.02422000000000002,-0.0013900000000000023,TRACKING
2025-08-09T14:30:40.457487,4/5,heart,0.47578,0.49861,-0.02422000000000002,-0.0013900000000000023,TRACKING
2025-08-09T14:30:40.487974,4/5,heart,0.47578,0.49861,-0.02422000000000002,-0.0013900000000000023,TRACKING
2025-08-09T14:30:40.534757,4/5,heart,0.47578,0.49861,-0.02422000000000002,-0.0013900000000000023,TRACKING
2025-08-09T14:30:40.564356,4/5,heart,0.47734,0.49861,-0.022660000000000013,-0.0013900000000000023,TRACKING
2025-08-09T14:30:40.586358,4/5,heart,0.47734,0.49861,-0.022660000000000013,-0.0013900000000000023,TRACKING
2025-08-09T14:30:40.627978,4/5,heart,0.47734,0.49861,-0.022660000000000013,-0.0013900000000000023,TRACKING
2025-08-09T14:30:40.656988,4/5,heart,0.47734,0.49861,-0.022660000000000013,-0.0013900000000000023,TRACKING
2025-08-09T14:30:40.687752,4/5,heart,0.47734,0.49861,-0.022660000000000013,-0.0013900000000000023,TRACKING
2025-08-09T14:30:40.717280,4/5,heart,0.47734,0.49861,-0.022660000000000013,-0.0013900000000000023,TRACKING
2025-08-09T14:30:40.753289,4/5,heart,0.47734,0.49861,-0.022660000000000013,-0.0013900000000000023,TRACKING
2025-08-09T14:30:40.794380,4/5,heart,0.47734,0.49861,-0.022660000000000013,-0.0013900000000000023,TRACKING
2025-08-09T14:30:40.826522,4/5,heart,0.47813,0.49861,-0.02187,-0.0013900000000000023,TRACKING
2025-08-09T14:30:40.856697,4/5,heart,0.47891,0.49861,-0.021089999999999998,-0.0013900000000000023,TRACKING
2025-08-09T14:30:40.888258,4/5,heart,0.47891,0.49861,-0.021089999999999998,-0.0013900000000000023,TRACKING
2025-08-09T14:30:40.918254,4/5,heart,0.47891,0.49861,-0.021089999999999998,-0.0013900000000000023,TRACKING
2025-08-09T14:30:40.965298,4/5,heart,0.47969,0.49861,-0.020309999999999995,-0.0013900000000000023,TRACKING
2025-08-09T14:30:40.983291,4/5,heart,0.47969,0.49861,-0.020309999999999995,-0.0013900000000000023,TRACKING
2025-08-09T14:30:41.020494,4/5,heart,0.48047,0.49861,-0.019529999999999992,-0.0013900000000000023,LOCKED
2025-08-09T14:30:41.045505,4/5,heart,0.48047,0.49861,-0.019529999999999992,-0.0013900000000000023,FIRED
2025-08-09T14:30:43.074520,5/5,3,0.1625,0.49306,-0.3375,-0.006940000000000002,TRACKING
2025-08-09T14:30:43.105425,5/5,3,0.1625,0.49306,-0.3375,-0.006940000000000002,TRACKING
2025-08-09T14:30:43.122426,5/5,3,0.1625,0.49306,-0.3375,-0.006940000000000002,TRACKING
2025-08-09T14:30:43.152427,5/5,3,0.1625,0.49306,-0.3375,-0.006940000000000002,TRACKING
2025-08-09T14:30:43.184722,5/5,3,0.1625,0.49306,-0.3375,-0.006940000000000002,TRACKING
2025-08-09T14:30:43.230097,5/5,3,0.1625,0.49306,-0.3375,-0.006940000000000002,TRACKING
2025-08-09T14:30:43.260914,5/5,,,,,,NOT_FOUND
2025-08-09T14:30:43.369969,5/5,,,,,,NOT_FOUND
2025-08-09T14:30:43.477299,5/5,3,0.40469,0.49583,-0.09531,-0.004170000000000007,TRACKING
2025-08-09T14:30:43.492098,5/5,3,0.40469,0.49444,-0.09531,-0.005560000000000009,TRACKING
2025-08-09T14:30:43.520532,5/5,3,0.40469,0.49444,-0.09531,-0.005560000000000009,TRACKING
2025-08-09T14:30:43.551239,5/5,3,0.40391,0.49583,-0.09609000000000001,-0.004170000000000007,TRACKING
2025-08-09T14:30:43.583177,5/5,3,0.40391,0.49583,-0.09609000000000001,-0.004170000000000007,TRACKING
2025-08-09T14:30:43.628459,5/5,3,0.40469,0.49444,-0.09531,-0.005560000000000009,TRACKING
2025-08-09T14:30:43.648353,5/5,3,0.40234,0.49722,-0.09766000000000002,-0.0027800000000000047,TRACKING
2025-08-09T14:30:43.682114,5/5,3,0.40234,0.49722,-0.09766000000000002,-0.0027800000000000047,TRACKING
2025-08-09T14:30:43.720816,5/5,3,0.40312,0.49722,-0.09688000000000002,-0.0027800000000000047,TRACKING
2025-08-09T14:30:43.748017,5/5,3,0.40625,0.49583,-0.09375,-0.004170000000000007,TRACKING
2025-08-09T14:30:43.797833,5/5,3,0.40625,0.49583,-0.09375,-0.004170000000000007,TRACKING
2025-08-09T14:30:43.815420,5/5,3,0.41016,0.49444,-0.08983999999999998,-0.005560000000000009,TRACKING
2025-08-09T14:30:43.858789,5/5,3,0.41094,0.49444,-0.08905999999999997,-0.005560000000000009,TRACKING
2025-08-09T14:30:43.889466,5/5,3,0.41094,0.49444,-0.08905999999999997,-0.005560000000000009,TRACKING
2025-08-09T14:30:43.921089,5/5,3,0.4125,0.49583,-0.08750000000000002,-0.004170000000000007,TRACKING
2025-08-09T14:30:43.951431,5/5,3,0.4125,0.49583,-0.08750000000000002,-0.004170000000000007,TRACKING
2025-08-09T14:30:43.997960,5/5,3,0.41328,0.49583,-0.08672000000000002,-0.004170000000000007,TRACKING
2025-08-09T14:30:44.028887,5/5,3,0.41328,0.49583,-0.08672000000000002,-0.004170000000000007,TRACKING
2025-08-09T14:30:44.059521,5/5,3,0.41406,0.49722,-0.08594000000000002,-0.0027800000000000047,TRACKING
2025-08-09T14:30:44.082003,5/5,3,0.41563,0.49722,-0.08437,-0.0027800000000000047,TRACKING
2025-08-09T14:30:44.136779,5/5,3,0.41563,0.49722,-0.08437,-0.0027800000000000047,TRACKING
2025-08-09T14:30:44.167471,5/5,3,0.41719,0.49722,-0.08281,-0.0027800000000000047,TRACKING
2025-08-09T14:30:44.198509,5/5,3,0.41719,0.49722,-0.08281,-0.0027800000000000047,TRACKING
2025-08-09T14:30:44.216966,5/5,3,0.41875,0.49722,-0.08124999999999999,-0.0027800000000000047,TRACKING
2025-08-09T14:30:44.248076,5/5,3,0.42031,0.49722,-0.07968999999999998,-0.0027800000000000047,TRACKING
2025-08-09T14:30:44.291315,5/5,3,0.42031,0.49722,-0.07968999999999998,-0.0027800000000000047,TRACKING
2025-08-09T14:30:44.312797,5/5,3,0.42188,0.49722,-0.07812000000000002,-0.0027800000000000047,TRACKING
2025-08-09T14:30:44.352446,5/5,3,0.42344,0.49722,-0.07656000000000002,-0.0027800000000000047,TRACKING
2025-08-09T14:30:44.383814,5/5,3,0.42344,0.49722,-0.07656000000000002,-0.0027800000000000047,TRACKING
2025-08-09T14:30:44.414095,5/5,3,0.425,0.49722,-0.07500000000000001,-0.0027800000000000047,TRACKING
2025-08-09T14:30:44.447754,5/5,3,0.425,0.49722,-0.07500000000000001,-0.0027800000000000047,TRACKING
2025-08-09T14:30:44.492214,5/5,3,0.425,0.49722,-0.07500000000000001,-0.0027800000000000047,TRACKING
2025-08-09T14:30:44.513129,5/5,3,0.42656,0.49722,-0.07344,-0.0027800000000000047,TRACKING
2025-08-09T14:30:44.548228,5/5,3,0.42656,0.49722,-0.07344,-0.0027800000000000047,TRACKING
2025-08-09T14:30:44.584819,5/5,3,0.42812,0.49861,-0.07188,-0.0013900000000000023,TRACKING
2025-08-09T14:30:44.629724,5/5,3,0.42812,0.49861,-0.07188,-0.0013900000000000023,TRACKING
2025-08-09T14:30:44.647175,5/5,3,0.42969,0.49861,-0.07030999999999998,-0.0013900000000000023,TRACKING
2025-08-09T14:30:44.675778,5/5,3,0.43125,0.49861,-0.06874999999999998,-0.0013900000000000023,TRACKING
2025-08-09T14:30:44.720961,5/5,3,0.43125,0.49861,-0.06874999999999998,-0.0013900000000000023,TRACKING
2025-08-09T14:30:44.741484,5/5,3,0.43281,0.49861,-0.06719000000000003,-0.0013900000000000023,TRACKING
2025-08-09T14:30:44.783510,5/5,3,0.43359,0.49722,-0.06641000000000002,-0.0027800000000000047,TRACKING
2025-08-09T14:30:44.828011,5/5,3,0.43359,0.49722,-0.06641000000000002,-0.0027800000000000047,TRACKING
2025-08-09T14:30:44.858178,5/5,3,0.43437,0.49722,-0.06563000000000002,-0.0027800000000000047,TRACKING
2025-08-09T14:30:44.881853,5/5,3,0.43437,0.49722,-0.06563000000000002,-0.0027800000000000047,TRACKING
2025-08-09T14:30:44.922390,5/5,3,0.43516,0.49722,-0.06484000000000001,-0.0027800000000000047,TRACKING
2025-08-09T14:30:44.950268,5/5,3,0.43594,0.49722,-0.06406,-0.0027800000000000047,TRACKING
2025-08-09T14:30:44.980737,5/5,3,0.43594,0.49722,-0.06406,-0.0027800000000000047,TRACKING
2025-08-09T14:30:45.011774,5/5,3,0.4375,0.5,-0.0625,0.0,TRACKING
2025-08-09T14:30:45.046855,5/5,3,0.4375,0.5,-0.0625,0.0,TRACKING
2025-08-09T14:30:45.089014,5/5,3,0.43906,0.5,-0.060939999999999994,0.0,TRACKING
2025-08-09T14:30:45.134610,5/5,3,0.43906,0.5,-0.060939999999999994,0.0,TRACKING
2025-08-09T14:30:45.164784,5/5,3,0.44063,0.5,-0.05936999999999998,0.0,TRACKING
2025-08-09T14:30:45.184412,5/5,3,0.44063,0.5,-0.05936999999999998,0.0,TRACKING
2025-08-09T14:30:45.225364,5/5,3,0.44219,0.49722,-0.05780999999999997,-0.0027800000000000047,TRACKING
2025-08-09T14:30:45.255932,5/5,3,0.44219,0.49722,-0.05780999999999997,-0.0027800000000000047,TRACKING
2025-08-09T14:30:45.286505,5/5,3,0.44297,0.49722,-0.057030000000000025,-0.0027800000000000047,TRACKING
2025-08-09T14:30:45.318552,5/5,3,0.44375,0.49722,-0.05625000000000002,-0.0027800000000000047,TRACKING
2025-08-09T14:30:45.347677,5/5,3,0.44375,0.49722,-0.05625000000000002,-0.0027800000000000047,TRACKING
2025-08-09T14:30:45.393779,5/5,3,0.44531,0.49722,-0.054690000000000016,-0.0027800000000000047,TRACKING
2025-08-09T14:30:45.413797,5/5,3,0.44688,0.5,-0.05312,0.0,TRACKING
2025-08-09T14:30:45.446453,5/5,3,0.44688,0.5,-0.05312,0.0,TRACKING
2025-08-09T14:30:45.487477,5/5,3,0.44766,0.5,-0.05234,0.0,TRACKING
2025-08-09T14:30:45.518548,5/5,3,0.44766,0.5,-0.05234,0.0,TRACKING
2025-08-09T14:30:45.548536,5/5,3,0.44844,0.5,-0.051559999999999995,0.0,TRACKING
2025-08-09T14:30:45.579840,5/5,3,0.44922,0.49722,-0.05077999999999999,-0.0027800000000000047,TRACKING
2025-08-09T14:30:45.610761,5/5,3,0.44922,0.49722,-0.05077999999999999,-0.0027800000000000047,TRACKING
2025-08-09T14:30:45.645227,5/5,3,0.45,0.49722,-0.04999999999999999,-0.0027800000000000047,TRACKING
2025-08-09T14:30:45.686912,5/5,3,0.45,0.49722,-0.04999999999999999,-0.0027800000000000047,TRACKING
2025-08-09T14:30:45.710903,5/5,3,0.45156,0.49722,-0.04843999999999998,-0.0027800000000000047,TRACKING
2025-08-09T14:30:45.744391,5/5,3,0.45156,0.49861,-0.04843999999999998,-0.0013900000000000023,TRACKING
2025-08-09T14:30:45.780297,5/5,3,0.45156,0.49861,-0.04843999999999998,-0.0013900000000000023,TRACKING
2025-08-09T14:30:45.827218,5/5,3,0.45312,0.49861,-0.04687999999999998,-0.0013900000000000023,TRACKING
2025-08-09T14:30:45.845214,5/5,3,0.45312,0.49861,-0.04687999999999998,-0.0013900000000000023,TRACKING
2025-08-09T14:30:45.889427,5/5,3,0.45469,0.49861,-0.04531000000000002,-0.0013900000000000023,TRACKING
2025-08-09T14:30:45.920329,5/5,3,0.45469,0.5,-0.04531000000000002,0.0,TRACKING
2025-08-09T14:30:45.951244,5/5,3,0.45469,0.5,-0.04531000000000002,0.0,TRACKING
2025-08-09T14:30:45.981147,5/5,3,0.45547,0.49861,-0.044530000000000014,-0.0013900000000000023,TRACKING
2025-08-09T14:30:46.012158,5/5,3,0.45625,0.49861,-0.04375000000000001,-0.0013900000000000023,TRACKING
2025-08-09T14:30:46.058421,5/5,3,0.45625,0.49861,-0.04375000000000001,-0.0013900000000000023,TRACKING
2025-08-09T14:30:46.089180,5/5,3,0.45703,0.49861,-0.04297000000000001,-0.0013900000000000023,TRACKING
2025-08-09T14:30:46.136215,5/5,3,0.45781,0.49722,-0.042190000000000005,-0.0027800000000000047,TRACKING
2025-08-09T14:30:46.155022,5/5,3,0.45781,0.49722,-0.042190000000000005,-0.0027800000000000047,TRACKING
2025-08-09T14:30:46.182016,5/5,3,0.45937,0.49861,-0.04063,-0.0013900000000000023,TRACKING
2025-08-09T14:30:46.213184,5/5,3,0.45937,0.49861,-0.04063,-0.0013900000000000023,TRACKING
2025-08-09T14:30:46.243996,5/5,3,0.45937,0.5,-0.04063,0.0,TRACKING
2025-08-09T14:30:46.289868,5/5,3,0.46094,0.5,-0.039059999999999984,0.0,TRACKING
2025-08-09T14:30:46.311442,5/5,3,0.46094,0.5,-0.039059999999999984,0.0,TRACKING
2025-08-09T14:30:46.351520,5/5,3,0.46094,0.5,-0.039059999999999984,0.0,TRACKING
2025-08-09T14:30:46.381723,5/5,3,0.46094,0.5,-0.039059999999999984,0.0,TRACKING
2025-08-09T14:30:46.412703,5/5,3,0.4625,0.49861,-0.03749999999999998,-0.0013900000000000023,TRACKING
2025-08-09T14:30:46.444125,5/5,3,0.4625,0.49722,-0.03749999999999998,-0.0027800000000000047,TRACKING
2025-08-09T14:30:46.490651,5/5,3,0.4625,0.49722,-0.03749999999999998,-0.0027800000000000047,TRACKING
2025-08-09T14:30:46.509823,5/5,3,0.46406,0.49722,-0.03594000000000003,-0.0027800000000000047,TRACKING
2025-08-09T14:30:46.543734,5/5,3,0.46406,0.49722,-0.03594000000000003,-0.0027800000000000047,TRACKING
2025-08-09T14:30:46.585867,5/5,3,0.46406,0.49722,-0.03594000000000003,-0.0027800000000000047,TRACKING
2025-08-09T14:30:46.609951,5/5,3,0.46562,0.5,-0.03438000000000002,0.0,TRACKING
2025-08-09T14:30:46.648341,5/5,3,0.46562,0.5,-0.03438000000000002,0.0,TRACKING
2025-08-09T14:30:46.678869,5/5,3,0.46562,0.5,-0.03438000000000002,0.0,TRACKING
2025-08-09T14:30:46.710368,5/5,3,0.46562,0.5,-0.03438000000000002,0.0,TRACKING
2025-08-09T14:30:46.742034,5/5,3,0.46562,0.5,-0.03438000000000002,0.0,TRACKING
2025-08-09T14:30:46.777250,5/5,3,0.46641,0.5,-0.03359000000000001,0.0,TRACKING
2025-08-09T14:30:46.809842,5/5,3,0.46719,0.49722,-0.032810000000000006,-0.0027800000000000047,TRACKING
2025-08-09T14:30:46.848380,5/5,3,0.46719,0.49722,-0.032810000000000006,-0.0027800000000000047,TRACKING
2025-08-09T14:30:46.879483,5/5,3,0.46719,0.49722,-0.032810000000000006,-0.0027800000000000047,TRACKING
2025-08-09T14:30:46.911486,5/5,3,0.46875,0.49722,-0.03125,-0.0027800000000000047,TRACKING
2025-08-09T14:30:46.957401,5/5,3,0.46875,0.49722,-0.03125,-0.0027800000000000047,TRACKING
2025-08-09T14:30:46.986697,5/5,3,0.46875,0.5,-0.03125,0.0,TRACKING
2025-08-09T14:30:47.010613,5/5,3,0.46875,0.5,-0.03125,0.0,TRACKING
2025-08-09T14:30:47.049367,5/5,3,0.46875,0.5,-0.03125,0.0,TRACKING
2025-08-09T14:30:47.079973,5/5,3,0.46875,0.5,-0.03125,0.0,TRACKING
2025-08-09T14:30:47.127547,5/5,3,0.47031,0.5,-0.029689999999999994,0.0,TRACKING
2025-08-09T14:30:47.158138,5/5,3,0.47031,0.5,-0.029689999999999994,0.0,TRACKING
2025-08-09T14:30:47.189065,5/5,3,0.47031,0.5,-0.029689999999999994,0.0,TRACKING
2025-08-09T14:30:47.219338,5/5,3,0.47031,0.49861,-0.029689999999999994,-0.0013900000000000023,TRACKING
2025-08-09T14:30:47.249496,5/5,3,0.47031,0.49861,-0.029689999999999994,-0.0013900000000000023,TRACKING
2025-08-09T14:30:47.276216,5/5,3,0.47188,0.5,-0.02811999999999998,0.0,TRACKING
2025-08-09T14:30:47.311242,5/5,3,0.47188,0.5,-0.02811999999999998,0.0,TRACKING
2025-08-09T14:30:47.340872,5/5,3,0.47188,0.5,-0.02811999999999998,0.0,TRACKING
2025-08-09T14:30:47.387346,5/5,3,0.47344,0.5,-0.026559999999999973,0.0,TRACKING
2025-08-09T14:30:47.418155,5/5,3,0.47344,0.5,-0.026559999999999973,0.0,TRACKING
2025-08-09T14:30:47.448825,5/5,3,0.47344,0.5,-0.026559999999999973,0.0,TRACKING
2025-08-09T14:30:47.479743,5/5,3,0.47344,0.49861,-0.026559999999999973,-0.0013900000000000023,TRACKING
2025-08-09T14:30:47.510208,5/5,3,0.47344,0.49861,-0.026559999999999973,-0.0013900000000000023,TRACKING
2025-08-09T14:30:47.556778,5/5,3,0.475,0.5,-0.025000000000000022,0.0,TRACKING
2025-08-09T14:30:47.583682,5/5,3,0.475,0.5,-0.025000000000000022,0.0,TRACKING
2025-08-09T14:30:47.608060,5/5,3,0.475,0.5,-0.025000000000000022,0.0,TRACKING
2025-08-09T14:30:47.648011,5/5,3,0.475,0.5,-0.025000000000000022,0.0,TRACKING
2025-08-09T14:30:47.678708,5/5,3,0.475,0.5,-0.025000000000000022,0.0,TRACKING
2025-08-09T14:30:47.708836,5/5,3,0.47656,0.5,-0.023440000000000016,0.0,TRACKING
2025-08-09T14:30:47.740978,5/5,3,0.47656,0.5,-0.023440000000000016,0.0,TRACKING
2025-08-09T14:30:47.786678,5/5,3,0.47656,0.5,-0.023440000000000016,0.0,TRACKING
2025-08-09T14:30:47.809092,5/5,3,0.47656,0.5,-0.023440000000000016,0.0,TRACKING
2025-08-09T14:30:47.848045,5/5,3,0.47656,0.5,-0.023440000000000016,0.0,TRACKING
2025-08-09T14:30:47.873528,5/5,3,0.47734,0.5,-0.022660000000000013,0.0,TRACKING
2025-08-09T14:30:47.908577,5/5,3,0.47813,0.5,-0.02187,0.0,TRACKING
2025-08-09T14:30:47.942120,5/5,3,0.47813,0.5,-0.02187,0.0,TRACKING
2025-08-09T14:30:47.972450,5/5,3,0.47813,0.5,-0.02187,0.0,TRACKING
2025-08-09T14:30:48.019361,5/5,3,0.47813,0.5,-0.02187,0.0,TRACKING
2025-08-09T14:30:48.050234,5/5,3,0.47891,0.5,-0.021089999999999998,0.0,TRACKING
2025-08-09T14:30:48.076791,5/5,3,0.47813,0.5,-0.02187,0.0,TRACKING
2025-08-09T14:30:48.111330,5/5,3,0.47969,0.5,-0.020309999999999995,0.0,TRACKING
2025-08-09T14:30:48.141671,5/5,3,0.47969,0.5,-0.020309999999999995,0.0,TRACKING
2025-08-09T14:30:48.174101,5/5,3,0.47969,0.5,-0.020309999999999995,0.0,TRACKING
2025-08-09T14:30:48.205899,5/5,3,0.47969,0.5,-0.020309999999999995,0.0,TRACKING
2025-08-09T14:30:48.243020,5/5,3,0.47969,0.5,-0.020309999999999995,0.0,TRACKING
2025-08-09T14:30:48.281968,5/5,3,0.48125,0.5,-0.01874999999999999,0.0,LOCKED
2025-08-09T14:30:48.303868,5/5,3,0.48125,0.5,-0.01874999999999999,0.0,FIRED
