timestamp,side,target_distance,current_distance,dist_error,pid_speed_output
0.0009975433349609375,1,0.6,0.0,0.6,0.0
0.03155398368835449,1,0.6,-9.543364315768522e-06,0.6000095433643158,0.8
0.06235909461975098,1,0.6,8.933112821657202e-07,0.5999991066887178,0.18180275914901795
0.09317684173583984,1,0.6,1.0436675597934242e-05,0.599989563324402,0.18273023763693666
0.12481236457824707,1,0.6,1.0436675597934242e-05,0.599989563324402,0.1837412210250725
0.15476298332214355,1,0.6,0.0003605340297288154,0.5996394659702712,0.18219633994248052
0.1848769187927246,1,0.6,0.001164365778540783,0.5988356342214592,0.17985608271116366
0.21568894386291504,1,0.6,0.004986359925392087,0.5950136400746079,0.16015630835919287
0.24655938148498535,1,0.6,0.008261136252821981,0.591738863747178,0.16367943420928577
0.27716588973999023,1,0.6,0.0172735936847602,0.5827264063152398,0.12419129430896036
0.30831360816955566,1,0.6,0.028925932723300653,0.5710740672766993,0.10565754412659575
0.3392972946166992,1,0.6,0.041562206929664454,0.5584377930703355,0.0959843669635916
0.3701136112213135,1,0.6,0.047601538851295686,0.5523984611487043,0.137395308906172
0.40137553215026855,1,0.6,0.05310721621859102,0.5468927837814089,0.140571229715127
0.4323000907897949,1,0.6,0.06187053340310206,0.5381294665968979,0.117321748880759
0.4632999897003174,1,0.6,0.0648769191586202,0.5351230808413798,0.1545286260149848
0.4941740036010742,1,0.6,0.06844112300501075,0.5315588769949893,0.15058733549556835
0.5243885517120361,1,0.6,0.06916682121673222,0.5308331787832677,0.1694566334298071
0.5547447204589844,1,0.6,0.06922408140262684,0.5307759185973732,0.17467145024714326
0.5854165554046631,1,0.6,0.06891215750575902,0.5310878424942409,0.1779906985334196
0.6160862445831299,1,0.6,0.06944910224543552,0.5305508977545644,0.17310779475185642
0.647240400314331,1,0.6,0.07074914480674946,0.5292508551932505,0.16869779926381281
0.6777851581573486,1,0.6,0.0757195445929976,0.5242804554070024,0.14380822299287566
0.7086279392242432,1,0.6,0.07950844209049077,0.5204915579095092,0.1514501466030814
0.7401840686798096,1,0.6,0.08402600079333997,0.51597399920666,0.14684619664533208
0.7714254856109619,1,0.6,0.09487243840071606,0.505127561599284,0.10357693205838099
0.8023097515106201,1,0.6,0.10062055618082233,0.49937944381917765,0.134836317163064
0.8333306312561035,1,0.6,0.1121834316953922,0.4878165683046078,0.0947986941988521
0.8647201061248779,1,0.6,0.11754835547200945,0.4824516445279905,0.13431245040108375
0.8958542346954346,1,0.6,0.12635459572998248,0.4736454042700175,0.11002116055030547
0.9262039661407471,1,0.6,0.12962563521643067,0.4703743647835693,0.14476768669024342
0.9574415683746338,1,0.6,0.13383707654574614,0.4661629234542538,0.1388240634266755
0.9885106086730957,1,0.6,0.13488736860813877,0.4651126313918612,0.15943440751640475
1.0190351009368896,1,0.6,0.13534512290358963,0.46465487709641035,0.1637680102170608
1.0500154495239258,1,0.6,0.13475989522275816,0.4652401047772418,0.17144156001358474
1.080871820449829,1,0.6,0.1347276918846822,0.4652723081153178,0.16859972489199243
1.111734390258789,1,0.6,0.13763746762597245,0.4623625323740275,0.14937520515231903
1.142618179321289,1,0.6,0.13995693887852628,0.4600430611214737,0.15322545954122002
1.1729252338409424,1,0.6,0.1469975060740481,0.4530024939259519,0.12035881364472256
1.203791618347168,1,0.6,0.1469975060740481,0.4530024939259519,0.1675195145357638
1.2354190349578857,1,0.6,0.15670211841270856,0.44329788158729144,0.10394079615160884
1.2658567428588867,1,0.6,0.16206062541449762,0.43793937458550236,0.12915842883731044
1.2975633144378662,1,0.6,0.1731421933485743,0.4268578066514257,0.0918195658071848
1.3286187648773193,1,0.6,0.17831864671293463,0.42168135328706535,0.1274853264074798
1.3587443828582764,1,0.6,0.1875407309681137,0.4124592690318863,0.09745262387234244
1.390077829360962,1,0.6,0.19691132555572227,0.4030886744442777,0.09515813372944623
1.419379711151123,1,0.6,0.19853417534514303,0.4014658246548569,0.1458060861745963
1.450690507888794,1,0.6,0.19951632389040205,0.4004836761095979,0.15065720371611324
1.481985330581665,1,0.6,0.19998033136482807,0.4000196686351719,0.15445207974496072
1.5132873058319092,1,0.6,0.20001683766346182,0.3999831623365382,0.15779928313710767
1.545727014541626,1,0.6,0.19988920068222815,0.4001107993177718,0.15950671865564192
1.5762920379638672,1,0.6,0.20034902466003138,0.39965097533996863,0.15618379572349103
1.6078219413757324,1,0.6,0.20136873641105935,0.39863126358894063,0.1530469271510022
1.637807846069336,1,0.6,0.20541911691807696,0.394580883081923,0.13187639653979077
1.6703908443450928,1,0.6,0.20860978958922932,0.39139021041077066,0.13838973568006252
1.6998965740203857,1,0.6,0.2170286523470905,0.38297134765290947,0.10129929130814844
1.730464220046997,1,0.6,0.22216425232034123,0.3778357476796588,0.12204625444085031
1.7617697715759277,1,0.6,0.23293746960267878,0.3670625303973212,0.08416414274920135
1.7923610210418701,1,0.6,0.24340233623327717,0.3565976637667228,0.08197897677275263
1.8244194984436035,1,0.6,0.24805825165274603,0.35194174834725395,0.12051733263061337
1.854726791381836,1,0.6,0.2555311891041939,0.34446881089580605,0.09852938843725526
1.8853862285614014,1,0.6,0.25808355740524297,0.341916442594757,0.13095247117888553
1.916321039199829,1,0.6,0.2610073430672598,0.33899265693274017,0.12834659063166343
1.946639060974121,1,0.6,0.2607607191578261,0.33923928084217386,0.14946462778737107
1.9779348373413086,1,0.6,0.26036932175694455,0.33963067824305543,0.15098786373924417
2.0082881450653076,1,0.6,0.259977924356063,0.340022075643937,0.15169898729038592
2.0394186973571777,1,0.6,0.2598022874934625,0.34019771250653746,0.1508306504967734
2.0698704719543457,1,0.6,0.26038678545886484,0.33961321454113513,0.14620515999607223
2.1011300086975098,1,0.6,0.26346281829429286,0.3365371817057071,0.12996658923436744
2.132173776626587,1,0.6,0.26997196421368413,0.33002803578631584,0.10627143255889784
2.1630637645721436,1,0.6,0.2742411123845353,0.3257588876154647,0.1197881221227014
2.1937646865844727,1,0.6,0.2839823946176826,0.3160176053823174,0.08153260595545567
2.225226640701294,1,0.6,0.28909980117358397,0.310900198826416,0.11141491551065202
2.255913496017456,1,0.6,0.2992097767019346,0.3007902232980654,0.07548295407153345
2.286104679107666,1,0.6,0.3038825455718296,0.2961174544281704,0.10946484894814909
2.316646099090576,1,0.6,0.31117091304785527,0.2888290869521447,0.09094616984648866
2.346687078475952,1,0.6,0.3136274010501055,0.2863725989498945,0.1220128797778433
2.377817392349243,1,0.6,0.31638253274392614,0.28361746725607384,0.12028140692710072
2.4085936546325684,1,0.6,0.3167396571243793,0.2832603428756207,0.1359900117208851
2.4393019676208496,1,0.6,0.31565017882950636,0.2843498211704936,0.14616988559007066
2.4700891971588135,1,0.6,0.31514576461961186,0.2848542353803881,0.1429408219748112
2.500967502593994,1,0.6,0.31501634101581394,0.28498365898418604,0.1409811458748146
2.5314927101135254,1,0.6,0.31541996171485776,0.2845800382851422,0.13781161363766847
2.562373638153076,1,0.6,0.31806134688423626,0.2819386531157637,0.1229921291514007
2.593085765838623,1,0.6,0.32355658757593364,0.27644341242406634,0.10308949101630743
2.6237144470214844,1,0.6,0.3274389684981671,0.27256103150183286,0.11277638584913723
2.6550304889678955,1,0.6,0.3365529491563852,0.2634470508436148,0.07759950868843282
2.6863207817077637,1,0.6,0.3415911652680609,0.2584088347319391,0.10249573275773957
2.716520071029663,1,0.6,0.3516136274908583,0.2483863725091417,0.06569162623649429
2.7466959953308105,1,0.6,0.3562015629890466,0.24379843701095338,0.10065065147431534
2.7776808738708496,1,0.6,0.36348217372332087,0.2365178262766791,0.08224620670088673
2.8081634044647217,1,0.6,0.3660449786999677,0.23395502130003226,0.11201363830469242
2.8395063877105713,1,0.6,0.3689296975934394,0.23107030240656057,0.10991782356060827
2.8715426921844482,1,0.6,0.369413402047991,0.23058659795200898,0.12552977270572813
2.9020743370056152,1,0.6,0.36834703038251937,0.2316529696174806,0.13620840196635886
2.9325547218322754,1,0.6,0.3676941058401953,0.23230589415980468,0.1340571921292548
2.963364601135254,1,0.6,0.36733178518790227,0.2326682148120977,0.13259206171892157
2.994035243988037,1,0.6,0.36812412335398104,0.23187587664601894,0.12519121937264577
3.0252442359924316,1,0.6,0.36946725258460994,0.23053274741539004,0.12170744616228349
3.055449962615967,1,0.6,0.37436158851612,0.22563841148387997,0.09678057039852023
3.085872173309326,1,0.6,0.3776739280493189,0.2223260719506811,0.1067559290138765
3.1163723468780518,1,0.6,0.3859869204884244,0.21401307951157555,0.07185308519883671
3.1470344066619873,1,0.6,0.39053205237708577,0.2094679476229142,0.09567517905064389
3.177914619445801,1,0.6,0.3998643099115783,0.2001356900884217,0.062389465569001816
3.208854913711548,1,0.6,0.4042187381097772,0.19578126189022277,0.09368038299449691
3.240569591522217,1,0.6,0.4114902521353769,0.1885097478646231,0.07408932386221825
3.2716565132141113,1,0.6,0.41591924062553765,0.18408075937446233,0.09040835673497395
3.3023412227630615,1,0.6,0.4171533729479234,0.1828466270520766,0.11076891407206473
3.333073377609253,1,0.6,0.4178571409013137,0.18214285909868627,0.1143016117110025
3.3637213706970215,1,0.6,0.4177913942582386,0.1822086057417614,0.11960960627776056
3.3951969146728516,1,0.6,0.4168638259650277,0.1831361740349723,0.12564094700367168
3.4264309406280518,1,0.6,0.41645573870957303,0.18354426129042695,0.12276921024857629
3.45687198638916,1,0.6,0.41762457104452466,0.18237542895547532,0.11240373343853235
3.4877912998199463,1,0.6,0.4191297738726686,0.1808702261273314,0.11017478200130063
3.519098997116089,1,0.6,0.42420973668673606,0.17579026331326392,0.08621045447382425
3.549407482147217,1,0.6,0.42420973668673606,0.17579026331326392,0.11892869703195799
3.580585241317749,1,0.6,0.4316436073696387,0.16835639263036128,0.0692739738349682
3.6112844944000244,1,0.6,0.4400007433851945,0.15999925661480546,0.06025422919337112
3.6424753665924072,1,0.6,0.444244388052586,0.155755611947414,0.08645843975751828
3.673349618911743,1,0.6,0.45235875646362467,0.1476412435363753,0.058898872791069604
3.7032458782196045,1,0.6,0.45580738303109086,0.14419261696890912,0.08757318655029275
3.7342262268066406,1,0.6,0.4607273860619136,0.13927261393808638,0.07762145432383924
3.765907049179077,1,0.6,0.4621959189955708,0.1378040810044292,0.09989047073640991
3.797102212905884,1,0.6,0.4632997344028763,0.13670026559712367,0.10196650930013822
3.827221393585205,1,0.6,0.4632084842563414,0.13679151574365855,0.10988265067500812
3.8579182624816895,1,0.6,0.4623617294340675,0.13763827056593247,0.11525888389807604
3.8884012699127197,1,0.6,0.46185865519109626,0.13814134480890372,0.1135103135051068
3.9182755947113037,1,0.6,0.4618705954294705,0.13812940457052947,0.11022889521271022
3.948662042617798,1,0.6,0.4624813266137617,0.1375186733862383,0.1063121726322975
3.979856252670288,1,0.6,0.465451325534581,0.13454867446541896,0.09060880189141919
4.010373830795288,1,0.6,0.4710048391873903,0.1289951608126097,0.0717860600576247
4.041504383087158,1,0.6,0.4745636390341698,0.12543636096583016,0.08444546074459502
4.071638822555542,1,0.6,0.48234626710428014,0.11765373289571984,0.05349894036610948
4.102138042449951,1,0.6,0.4862997545372818,0.11370024546271817,0.0782138267399449
4.133465528488159,1,0.6,0.4936483451928366,0.10635165480716335,0.05518635407687539
4.16469407081604,1,0.6,0.49690671472548154,0.10309328527451844,0.08041657483069631
4.195173025131226,1,0.6,0.5016579001922551,0.09834209980774489,0.06883215401649767
4.225868225097656,1,0.6,0.5031268797815532,0.09687312021844674,0.0901455682566188
4.257062911987305,1,0.6,0.5043982922499198,0.09560170775008014,0.09133318584781047
4.287976503372192,1,0.6,0.5044460090714987,0.09555399092850125,0.09930932375318831
4.3184592723846436,1,0.6,0.5038312579864378,0.09616874201356218,0.10398246785702173
4.3499438762664795,1,0.6,0.503287613412145,0.09671238658785497,0.10371777492832981
4.381244421005249,1,0.6,0.503412406863679,0.09658759313632093,0.09958071125236119
4.412100791931152,1,0.6,0.5048688359631089,0.09513116403689104,0.09064788662319408
4.442815780639648,1,0.6,0.5064666289047112,0.09353337109528881,0.08934825197519153
4.473736763000488,1,0.6,0.5143449736777672,0.08565502632223276,0.04656325010494626
4.504849910736084,1,0.6,0.517689516549042,0.08231048345095793,0.0751466291093148
4.535209655761719,1,0.6,0.5249644402239172,0.07503555977608278,0.04665247949642606
4.565524339675903,1,0.6,0.5285074435274059,0.07149255647259412,0.07024791053003959
4.596231937408447,1,0.6,0.5345276445884874,0.06547235541151253,0.05270736060219939
4.6274027824401855,1,0.6,0.5368833390798872,0.06311666092011281,0.07619413961242141
4.659119367599487,1,0.6,0.5386305356652008,0.06136946433479917,0.0798644738483305
4.6890809535980225,1,0.6,0.5398846480275002,0.06011535197249973,0.08222438725133074
4.7193872928619385,1,0.6,0.5410239569582225,0.058976043041777504,0.08282481249733963
4.751614093780518,1,0.6,0.5407071198493028,0.059292880150697225,0.09250031831734304
4.781885385513306,1,0.6,0.5403134891702157,0.05968651082978427,0.09334313752719382
4.81313419342041,1,0.6,0.5400894057706073,0.05991059422939271,0.09233747137686565
4.843492269515991,1,0.6,0.5403096328652991,0.059690367134700884,0.08947695570082809
4.873788356781006,1,0.6,0.54214897290843,0.05785102709156997,0.07832122363123363
4.905825614929199,1,0.6,0.5437436392605445,0.0562563607394555,0.08012029122595044
4.9369518756866455,1,0.6,0.5481948410688243,0.051805158931175654,0.060219688109829195
4.967970609664917,1,0.6,0.5509976895842237,0.049002310415776296,0.06998380213294991
4.998578786849976,1,0.6,0.5573111744691829,0.0426888255308171,0.044973477416043385
5.029238224029541,1,0.6,0.5605236138028132,0.03947638619718674,0.06436821329902077
5.062537670135498,1,0.6,0.5665058050024848,0.03349419499751516,0.04765528041097106
5.093019962310791,1,0.6,0.5691701332054117,0.030829866794588323,0.06535149021447734
5.123642683029175,1,0.6,0.5731647570893109,0.02683524291068906,0.05558606399331076
5.155241250991821,1,0.6,0.5750231838610733,0.02497681613892666,0.06939455108420889
5.185654401779175,1,0.6,0.5752551875982863,0.024744812401713667,0.07959962578586363
5.216127872467041,1,0.6,0.5750245238279965,0.024975476172003463,0.08274642586331224
5.246621370315552,1,0.6,0.5746835231825403,0.025316476817459632,0.08361000596407349
5.278276205062866,1,0.6,0.5742268257942248,0.025773174205775184,0.08443674354223099
5.309459209442139,1,0.6,0.5743340360799036,0.025665963920096346,0.08087149487229248
5.340895175933838,1,0.6,0.575766628834503,0.024233371165496953,0.07205307224445365
5.371499061584473,1,0.6,0.5771492714893184,0.022850728510681595,0.07175186754402808
5.402063369750977,1,0.6,0.5813553529509409,0.018644647049059104,0.052031437731722155
5.432827949523926,1,0.6,0.5866780833695253,0.013321916630474662,0.043374963679914016
8.720289945602417,2,0.6,-0.0,0.6,0.0
8.749362468719482,2,0.6,-0.00013646752934248635,0.6001364675293425,0.8
8.780501365661621,2,0.6,-0.0005425451105751698,0.6005425451105751,0.18457831855926862
8.811088562011719,2,0.6,-0.0006938032227551766,0.6006938032227551,0.18392323256116944
8.84148907661438,2,0.6,-0.0009891725816395078,0.6009891725816395,0.18587952000560914
8.871947526931763,2,0.6,-0.0009850886585105454,0.6009850886585105,0.18482354562395512
8.902676582336426,2,0.6,0.0005022300081815726,0.5994977699918184,0.17564505561030136
8.933241605758667,2,0.6,0.004510701013175909,0.5954892989868241,0.1588036448395939
8.964002847671509,2,0.6,0.00764835137624093,0.592351648623759,0.1646025368369547
8.995599269866943,2,0.6,0.016467708315748692,0.5835322916842512,0.1274535949552903
9.026776790618896,2,0.6,0.02204331472186817,0.5779566852781318,0.14674007496330288
9.057542562484741,2,0.6,0.04049240386623262,0.5595075961337673,0.05790030710044258
9.087779521942139,2,0.6,0.04648327668062495,0.5535167233193751,0.13724628098125025
9.11872148513794,2,0.6,0.05225605805711537,0.5477439419428846,0.1386744115321461
9.149895191192627,2,0.6,0.06133790546004761,0.5386620945399524,0.1158369951361374
9.180229425430298,2,0.6,0.06685895758684207,0.533141042413158,0.13685391493174737
9.211611032485962,2,0.6,0.06944029323727663,0.5305597067627233,0.15686220053352207
9.242260456085205,2,0.6,0.06984304581171454,0.5301569541882855,0.1713769649453054
9.272561073303223,2,0.6,0.06990451216907717,0.5300954878309228,0.17438405074610977
9.30386996269226,2,0.6,0.06999812578257544,0.5300018742174245,0.1749933652122598
9.33513593673706,2,0.6,0.07048862815026624,0.5295113718497337,0.17303766006239993
9.365161180496216,2,0.6,0.0712995002675013,0.5287004997324987,0.17155247079451547
9.39605188369751,2,0.6,0.07460778010059896,0.525392219899401,0.15522216926070068
9.426860809326172,2,0.6,0.07736995502888859,0.5226300449711114,0.15868685454826198
9.457684516906738,2,0.6,0.08515527078635814,0.5148447292136419,0.12456061994627926
9.490004301071167,2,0.6,0.0899424666524519,0.5100575333475481,0.14386765042863855
9.518916845321655,2,0.6,0.10070116397508536,0.49929883602491465,0.1000252444470116
9.550337076187134,2,0.6,0.10650480956248111,0.4934951904375189,0.13404957574227566
9.581399202346802,2,0.6,0.11225413565798993,0.48774586434201006,0.1330061536519135
9.611782550811768,2,0.6,0.1271541844437174,0.4728458155562826,0.06819235021173814
9.642243385314941,2,0.6,0.1306726499329071,0.4693273500670929,0.14283040584621073
9.672547578811646,2,0.6,0.13539327453772695,0.464606725462273,0.13406483848391726
9.703307151794434,2,0.6,0.13679540950162677,0.4632045904983732,0.156394784453252
9.734014749526978,2,0.6,0.1378417297300619,0.46215827026993805,0.1590924838119589
9.765505313873291,2,0.6,0.13777031562932487,0.46222968437067513,0.16710999234098162
9.795823812484741,2,0.6,0.13725099101229324,0.46274900898770677,0.17093951752421252
9.827119827270508,2,0.6,0.13731449933122036,0.4626855006687796,0.16781282625074956
9.857747077941895,2,0.6,0.13908111372872897,0.460918886271271,0.15685830567053655
9.889169931411743,2,0.6,0.14107958916619479,0.4589204108338052,0.15579613312588672
9.919227361679077,2,0.6,0.1516796194467245,0.4483203805532755,0.09547793068552284
9.950210571289062,2,0.6,0.1566731791102294,0.4433268208897706,0.13296452092180494
9.980799436569214,2,0.6,0.16219933614093504,0.4378006638590649,0.1280784167473616
10.013009309768677,2,0.6,0.17376966449713774,0.42623033550286227,0.0895822157090964
10.043641328811646,2,0.6,0.17943226178017593,0.42056773821982407,0.12339918981905139
10.074483156204224,2,0.6,0.18966833675599293,0.41033166324400705,0.0915550136927454
10.106255054473877,2,0.6,0.19373369334333482,0.4062663066566652,0.13176778017933377
10.137205123901367,2,0.6,0.1993057399552214,0.4006942600447786,0.12030045463584448
10.168178796768188,2,0.6,0.20105986779590507,0.3989401322040949,0.14507215777052873
10.198675632476807,2,0.6,0.20246990854161478,0.3975300914583852,0.14733476089573644
10.228879928588867,2,0.6,0.2023722110049875,0.3976277889950125,0.15785861324649492
10.260250568389893,2,0.6,0.20155215006071228,0.3984478499392877,0.16331090489087793
10.291163921356201,2,0.6,0.20163937572506907,0.3983606242749309,0.15810794008860407
10.323108673095703,2,0.6,0.20244260412494228,0.3975573958750577,0.15403742886058913
10.35389518737793,2,0.6,0.2063276182863152,0.3936723817136848,0.13326835922561325
10.385086059570312,2,0.6,0.20934563366443973,0.3906543663355603,0.13885869842624565
10.415813684463501,2,0.6,0.2176518191486193,0.38234818085138067,0.1022428797686313
10.446827411651611,2,0.6,0.22798328763505105,0.37201671236494893,0.08715849707694642
10.477695941925049,2,0.6,0.2333459347841898,0.3666540652158102,0.11799566350834698
10.508703470230103,2,0.6,0.2386458325307356,0.3613541674692644,0.11752641813597423
10.538941383361816,2,0.6,0.24834904807490377,0.3516509519250962,0.08515256503502713
10.570540428161621,2,0.6,0.25539825809968003,0.34460174190031995,0.10314478933064869
10.602591753005981,2,0.6,0.2578625248556347,0.34213747514436527,0.13219340523059664
10.63442349433899,2,0.6,0.2608068221070097,0.3391931778929903,0.12872784778013086
10.666369199752808,2,0.6,0.26140777063260073,0.33859222936739924,0.14382520755861705
10.696775436401367,2,0.6,0.26150316414321545,0.33849683585678453,0.14744606191118292
10.727339029312134,2,0.6,0.2612595481857576,0.3387404518142424,0.15025842097001277
10.758568525314331,2,0.6,0.2621186139101861,0.3378813860898139,0.1434325062651104
10.788671255111694,2,0.6,0.26333938546733476,0.3366606145326652,0.14096392203271169
10.81981873512268,2,0.6,0.26760778084529296,0.332392219154707,0.12090412074414775
10.850319147109985,2,0.6,0.2707477352343705,0.32925226476562947,0.12728230921266193
10.8818941116333,2,0.6,0.27452638716097205,0.3254736128390279,0.12331766034981072
10.913120746612549,2,0.6,0.283400877062721,0.316599122937279,0.08824487757557575
10.943877220153809,2,0.6,0.28820796841556345,0.3117920315844365,0.11286241019779905
10.974003314971924,2,0.6,0.2976280663702342,0.3023719336297658,0.07921310256749768
11.00507664680481,2,0.6,0.30188776977303833,0.29811223022696165,0.11351905408147515
11.03611421585083,2,0.6,0.30914941492589926,0.2908505850741007,0.09241641102151646
11.066230058670044,2,0.6,0.3119348103477324,0.2880651896522676,0.1203092994554285
11.097239255905151,2,0.6,0.31543110360117077,0.2845688963988292,0.11564945833670225
11.127918243408203,2,0.6,0.31628024885923495,0.28371975114076503,0.13284428709601998
11.15847635269165,2,0.6,0.31652231970701455,0.2834776802929854,0.13715614142717128
11.189390182495117,2,0.6,0.3157543015056237,0.28424569849437625,0.14437900210384433
11.22078537940979,2,0.6,0.3159433086297367,0.2840566913702633,0.13859538180397857
11.251601934432983,2,0.6,0.31690748082071624,0.28309251917928374,0.13368888319131772
11.281352519989014,2,0.6,0.3206366560948941,0.27936334390510587,0.11417359429381288
11.312996625900269,2,0.6,0.326587765212799,0.273412234787201,0.10027769895203155
11.343248844146729,2,0.6,0.326587765212799,0.273412234787201,0.13830401461727304
11.37450909614563,2,0.6,0.33474604486860327,0.2652539551313967,0.08407525978025868
11.405932188034058,2,0.6,0.33952612114623126,0.2604738788537687,0.10482237623235237
11.43700122833252,2,0.6,0.3490449376183115,0.25095506238168847,0.07150529688126261
11.467541694641113,2,0.6,0.35359595373388103,0.24640404626611895,0.10198832261259075
11.498506546020508,2,0.6,0.3614256957938831,0.23857430420611686,0.07924015315916605
11.529546737670898,2,0.6,0.3644881101975302,0.2355118898024698,0.10952682036281697
11.561076879501343,2,0.6,0.3684486223827691,0.23155137761723088,0.10331356861707679
11.591510772705078,2,0.6,0.36992497232530464,0.23007502767469534,0.11864082607470591
11.621870517730713,2,0.6,0.36973698618197387,0.2302630138180261,0.12998716074708955
11.653157711029053,2,0.6,0.369250305672964,0.23074969432703596,0.13236680215089214
11.68313980102539,2,0.6,0.368162414573915,0.23183758542608496,0.13718660544112957
11.713289737701416,2,0.6,0.3681545087921051,0.23184549120789488,0.1303339869059339
11.743824243545532,2,0.6,0.3690503298246944,0.2309496701753056,0.12449779615572182
11.774690628051758,2,0.6,0.372812149206894,0.227187850793106,0.10521260931223088
11.804933786392212,2,0.6,0.3791175552275952,0.22088244477240476,0.08633179336359041
11.836230516433716,2,0.6,0.387866049472272,0.212133950527728,0.06983050340641116
11.86706829071045,2,0.6,0.3926593712230592,0.20734062877694076,0.0935316261782886
11.899449110031128,2,0.6,0.3975373798247526,0.20246262017524735,0.0933543576437378
11.930669784545898,2,0.6,0.4062019461348575,0.19379805386514248,0.06568120208204314
11.961864948272705,2,0.6,0.4097734753477138,0.19022652465228618,0.09751379471146071
11.993297576904297,2,0.6,0.41503282320442797,0.184967176795572,0.08566040072534226
12.02392864227295,2,0.6,0.4166637562659382,0.18333624373406177,0.10826728492418695
12.05458402633667,2,0.6,0.4179554450719378,0.18204455492806215,0.11038053507612604
12.085141658782959,2,0.6,0.41791641301477445,0.18208358698522553,0.1193530699255399
12.117578983306885,2,0.6,0.41683462052340897,0.183165379476591,0.12638925981416155
12.14839243888855,2,0.6,0.4162958972715147,0.18370410272848525,0.12366053245346564
12.179391860961914,2,0.6,0.4162017595291203,0.18379824047087967,0.12108433199061401
12.209697008132935,2,0.6,0.41827013123465473,0.18172986876534525,0.1064815367112199
12.240819931030273,2,0.6,0.4201974546358316,0.1798025453641684,0.10744820450500753
12.271438598632812,2,0.6,0.42605290817867375,0.17394709182132623,0.08009549862114743
12.302101612091064,2,0.6,0.4297244389541698,0.1702755610458302,0.09355508390599075
12.333043098449707,2,0.6,0.43800387142758296,0.16199612857241702,0.061752784800075775
12.363351821899414,2,0.6,0.44242836775718436,0.15757163224281562,0.08498474321136976
12.3947012424469,2,0.6,0.4505473260143673,0.14945267398563267,0.060182964705080735
12.426329851150513,2,0.6,0.4505473260143673,0.14945267398563267,0.11221585805283385
12.456683158874512,2,0.6,0.4592366306506841,0.14076336934931588,0.05256828170103297
12.487833261489868,2,0.6,0.46097036615273285,0.13902963384726713,0.09838762563936057
12.519744396209717,2,0.6,0.46255258147815353,0.13744741852184644,0.09934737365062657
12.550588369369507,2,0.6,0.46266506959761833,0.13733493040238165,0.10871240797061038
12.58138918876648,2,0.6,0.461995769913637,0.13800423008636298,0.1142011172368753
12.612495183944702,2,0.6,0.46138997854858277,0.1386100214514172,0.11414746211486099
12.643340826034546,2,0.6,0.46142542353450317,0.1385745764654968,0.11022571447198268
12.675142049789429,2,0.6,0.46271098645580927,0.1372890135441907,0.10220317494590384
12.705461502075195,2,0.6,0.46415903827790006,0.13584096172209992,0.10050771526273053
12.737039804458618,2,0.6,0.4721252205902346,0.12787477940976538,0.05741821109708182
12.76705002784729,2,0.6,0.47570976048881203,0.12429023951118795,0.08309407464369292
12.798910856246948,2,0.6,0.48309947053731933,0.11690052946268065,0.05856474889444857
12.829073667526245,2,0.6,0.4868898501044118,0.11311014989558815,0.07885285265864825
12.860384702682495,2,0.6,0.4906067736092027,0.1093932263907973,0.07929989724470606
12.891642332077026,2,0.6,0.4967683304476477,0.1032316695523523,0.0619303698284064
12.922507762908936,2,0.6,0.499029558412986,0.10097044158701396,0.08617999320127168
12.955499649047852,2,0.6,0.5019022067761859,0.09809779322381407,0.08271792017673976
12.986095428466797,2,0.6,0.5026258532290642,0.09737414677093581,0.0953336921173694
13.016241788864136,2,0.6,0.5029202016071663,0.09707979839283365,0.09816929010273455
13.047136068344116,2,0.6,0.5027528698669185,0.0972471301330815,0.10140575796020614
13.078104496002197,2,0.6,0.5025176838201665,0.0974823161798335,0.10206287985183149
13.109782218933105,2,0.6,0.5027128168289728,0.09728718317102714,0.09936266808798694
13.140263319015503,2,0.6,0.5043322843144403,0.09566771568555965,0.0900100501902715
13.170803308486938,2,0.6,0.5108208336390093,0.08917916636099066,0.05599689744139411
13.201486825942993,2,0.6,0.5108208336390093,0.08917916636099066,0.09862586564638745
13.231489658355713,2,0.6,0.5170078877200003,0.0829921122799997,0.05565111605647697
13.262853622436523,2,0.6,0.520438630692947,0.07956136930705293,0.07411282147333385
13.2935311794281,2,0.6,0.5271845655770291,0.07281543442297089,0.05009809446806528
13.324588775634766,2,0.6,0.5301630520461041,0.06983694795389583,0.07411220075915065
13.356017827987671,2,0.6,0.5353399898009147,0.0646600101990853,0.05889748998624386
13.38657546043396,2,0.6,0.5387380613888298,0.06126193861117013,0.06867490332203886
13.418041229248047,2,0.6,0.5397272339704693,0.06027276602953069,0.08442609614768018
13.449287414550781,2,0.6,0.540331245438407,0.05966875456159293,0.08675926168354288
13.48029613494873,2,0.6,0.5407944433894254,0.05920555661057458,0.08759070858722387
13.511827230453491,2,0.6,0.5404245697104474,0.05957543028955259,0.09312921644398021
13.542878150939941,2,0.6,0.5404092549987137,0.05959074500128625,0.09097888244463621
13.573466062545776,2,0.6,0.5411303353611314,0.05886966463886856,0.08603914467046614
13.604129552841187,2,0.6,0.5420559996238437,0.057944000376156324,0.08452752356602733
13.635121583938599,2,0.6,0.5452569235183979,0.05474307648160204,0.06903321068171371
13.665398597717285,2,0.6,0.5476456922504865,0.05235430774951344,0.07327284755849105
13.696128845214844,2,0.6,0.5530297799960523,0.04697022000394768,0.05246824681918225
13.727225303649902,2,0.6,0.556077141752414,0.043922858247586016,0.06706388264933542
13.758261680603027,2,0.6,0.5622891962240649,0.03771080377593505,0.04482740363062317
13.788219451904297,2,0.6,0.5650937282163127,0.034906271783687326,0.06534589117050871
13.818745374679565,2,0.6,0.5698937272576993,0.03010627274230071,0.051226403285509474
13.850322246551514,2,0.6,0.57173639108498,0.02826360891502,0.07049593112289443
13.880503416061401,2,0.6,0.5738984036810226,0.02610159631897735,0.06723079007466838
13.912304878234863,2,0.6,0.5738984036810226,0.02610159631897735,0.0815985306571407
13.942557573318481,2,0.6,0.5740471229797521,0.025952877020247844,0.08062681966422638
13.97343111038208,2,0.6,0.573399995531522,0.02660000446847799,0.08602114597261534
14.004844665527344,2,0.6,0.5732127683045254,0.02678723169547459,0.08311928644756435
14.036351680755615,2,0.6,0.5736106780395003,0.0263893219604997,0.07932362194648862
14.067734956741333,2,0.6,0.5744215501567353,0.025578449843264628,0.07647880273325715
14.09842848777771,2,0.6,0.5796946676155047,0.020305332384495278,0.04573577558973001
14.129638910293579,2,0.6,0.5796946676155047,0.020305332384495278,0.08012725936382177
14.161090612411499,2,0.6,0.5884615395142619,0.011538460485738034,0.021767187526221338
17.43889331817627,3,0.6,0.0,0.6,0.0
17.46997046470642,3,0.6,5.0966142134531486e-05,0.5999490338578655,0.8
17.500436067581177,3,0.6,0.00013981193208607227,0.5998601880679139,0.18122079361366775
17.530832767486572,3,0.6,0.00016773708553539636,0.5998322629144646,0.1825235771934827
17.560778617858887,3,0.6,0.0002285646396179782,0.599771435360382,0.18318084996694836
17.5917546749115,3,0.6,0.0006577687654045563,0.5993422312345954,0.18161540277015792
17.623703241348267,3,0.6,0.0015898118181188572,0.5984101881818811,0.17922825935644235
17.654691219329834,3,0.6,0.005764151308387295,0.5942358486916127,0.1577896422925739
17.685360431671143,3,0.6,0.009034186734551562,0.5909658132654484,0.16333197733106855
17.716742277145386,3,0.6,0.01801011942045218,0.5819898805795478,0.12567232142945536
17.74867582321167,3,0.6,0.02961841392068719,0.5703815860793128,0.1051534189189676
17.778060913085938,3,0.6,0.042027700365621826,0.5579722996343781,0.09579808592297204
17.809850692749023,3,0.6,0.047927973111627296,0.5520720268883726,0.1393884139816441
17.840259790420532,3,0.6,0.05362115620672503,0.546378843793275,0.13818782113290345
17.870490789413452,3,0.6,0.05859289022964494,0.541407109770355,0.1420669820286672
17.901724100112915,3,0.6,0.06575247786988211,0.5342475221301178,0.1277992055053014
17.932220697402954,3,0.6,0.06930388932503291,0.530696110674967,0.1500983062073135
17.962571620941162,3,0.6,0.07006174512747265,0.5299382548725273,0.1689717421340671
17.99349808692932,3,0.6,0.07039694005128441,0.5296030599487156,0.17251638687706833
18.023650407791138,3,0.6,0.07030145793175441,0.5296985420682456,0.1761446351380235
18.055217742919922,3,0.6,0.0707101945742874,0.5292898054257126,0.17363447811073088
18.08629584312439,3,0.6,0.07164546270937108,0.5283545372906289,0.17074570371790537
18.11720633506775,3,0.6,0.07565851527884317,0.5243414847211568,0.15040536119896977
18.148358583450317,3,0.6,0.07891352588103615,0.5210864741189638,0.1553087064503471
18.179421424865723,3,0.6,0.08747656601783721,0.5125234339821627,0.11929959576973587
18.210597276687622,3,0.6,0.10368959780442338,0.4963104021955766,0.06633279491889502
18.2415132522583,3,0.6,0.10942711071207721,0.49057288928792275,0.13226324461959554
18.272470474243164,3,0.6,0.12009857107725354,0.47990142892274645,0.0979781747343061
18.304571390151978,3,0.6,0.12447345697127102,0.475526543028729,0.1391151412176499
18.335073947906494,3,0.6,0.1307040404763242,0.46929595952367575,0.1243659215078741
18.36540198326111,3,0.6,0.13274406599684144,0.46725593400315857,0.15186225348929858
18.396275997161865,3,0.6,0.13408706326900152,0.46591293673099843,0.1569317965127865
18.42680525779724,3,0.6,0.13473303229280437,0.4652669677071956,0.1619162713555597
18.456863164901733,3,0.6,0.1349692407674575,0.46503075923254245,0.1652044145571597
18.48757243156433,3,0.6,0.13486389723597955,0.4651361027640204,0.1682079764696263
18.51851463317871,3,0.6,0.13566405143890187,0.4643359485610981,0.16282831099076275
18.549343824386597,3,0.6,0.13847013509141215,0.46152986490858783,0.14966577435964123
18.57889413833618,3,0.6,0.14094111690253044,0.45905888309746956,0.1510829202431162
18.60968017578125,3,0.6,0.14430967336575481,0.45569032663424514,0.14561402998570838
18.6406729221344,3,0.6,0.15282221277251976,0.44717778722748025,0.11070443268656889
18.671194076538086,3,0.6,0.1633426199585266,0.43665738004147336,0.0942086757348087
18.70223832130432,3,0.6,0.1690047459002251,0.4309952540997749,0.12563971401668966
18.73289179801941,3,0.6,0.1847392665012848,0.4152607334987152,0.05537300519497859
18.765140295028687,3,0.6,0.18896789029847705,0.41103210970152293,0.12995732013814804
18.795770406723022,3,0.6,0.19253552024789516,0.4074644797521048,0.13472457720885458
18.826571941375732,3,0.6,0.19528584667592652,0.40471415332407346,0.13892108068179296
18.857818603515625,3,0.6,0.19823008317812843,0.4017699168218716,0.1376787543843161
18.88836646080017,3,0.6,0.19850638887751143,0.40149361112248855,0.15524522547978056
18.919523000717163,3,0.6,0.1975365592593999,0.4024634407406001,0.16419767332488722
18.950716972351074,3,0.6,0.1965717068884722,0.4034282931115278,0.1650769735515238
18.981766939163208,3,0.6,0.19656838872368296,0.403431611276317,0.15953952260950305
19.01263689994812,3,0.6,0.20038891105412004,0.39961108894587993,0.13423642907103125
19.043393850326538,3,0.6,0.20331019965005642,0.39668980034994356,0.13972649622266303
19.074677228927612,3,0.6,0.21213222640409674,0.38786777359590324,0.10028180757008759
19.105600357055664,3,0.6,0.21772366337976481,0.3822763366202352,0.1194327013867564
19.136832237243652,3,0.6,0.223688081844642,0.37631191815535797,0.11620006052950332
19.16784167289734,3,0.6,0.2297217163579945,0.3702782836420055,0.11424367126419582
19.198193311691284,3,0.6,0.2458791770849412,0.35412082291505875,0.04238021309961598
19.229037284851074,3,0.6,0.25009268297574255,0.3499073170242574,0.12080282371170295
19.260162830352783,3,0.6,0.2535517443113131,0.34644825568868687,0.12539918532514596
19.290832996368408,3,0.6,0.25795308244122467,0.3420469175587753,0.11812872222843535
19.320717334747314,3,0.6,0.2588208866926474,0.34117911330735257,0.14127152779145807
19.35232973098755,3,0.6,0.2589817082013453,0.34101829179865467,0.146552595904947
19.382307052612305,3,0.6,0.2585475268283748,0.3414524731716252,0.15110883262157596
19.412774801254272,3,0.6,0.25775151213085895,0.342248487869141,0.1541975756634788
19.443947315216064,3,0.6,0.2578613674974222,0.34213863250257776,0.1487677692820479
19.47472620010376,3,0.6,0.25968932611984796,0.340310673880152,0.13756991862100873
19.505325078964233,3,0.6,0.2616474214272513,0.3383525785727487,0.1365796772610715
19.536650896072388,3,0.6,0.26789957300343437,0.3321004269965656,0.10810574937329079
19.567023277282715,3,0.6,0.2721215604710482,0.3278784395289518,0.11945250996952649
19.598306894302368,3,0.6,0.28188282510189944,0.31811717489810054,0.08241825288949994
19.629791736602783,3,0.6,0.28731500656884457,0.3126849934311554,0.1091791566219406
19.66051697731018,3,0.6,0.2981446218548675,0.30185537814513247,0.07040736455782615
19.692321062088013,3,0.6,0.3072807408736881,0.29271925912631186,0.08117280609433575
19.722847938537598,3,0.6,0.31085970515260947,0.2891402948473905,0.11454497646252743
19.754700422286987,3,0.6,0.31581309618676884,0.28418690381323114,0.10585744722229237
19.785499811172485,3,0.6,0.31717249811803566,0.2828275018819643,0.12815978280285648
19.81692600250244,3,0.6,0.31750888671214356,0.2824911132878564,0.1351893908156326
19.847408294677734,3,0.6,0.31696945489011474,0.28303054510988523,0.14146272088466313
19.87826943397522,3,0.6,0.3151441628555403,0.28485583714445967,0.1507396090470804
19.908761501312256,3,0.6,0.3151441628555403,0.28485583714445967,0.13934483672772455
19.941012620925903,3,0.6,0.31613731270959616,0.2838626872904038,0.1333457811983655
19.97141122817993,3,0.6,0.31756952810138667,0.2824304718986133,0.1300813448938927
20.002516269683838,3,0.6,0.3226599713973612,0.2773400286026388,0.10567778303953068
20.03333592414856,3,0.6,0.3308327109628094,0.26916728903719056,0.08333551367763062
20.06358027458191,3,0.6,0.3356579967240647,0.26434200327593527,0.1034148889750793
20.095145225524902,3,0.6,0.34594154385848036,0.2540584561415196,0.06748145589785802
20.12547206878662,3,0.6,0.3510166830832245,0.2489833169167755,0.0980248516929654
20.156186819076538,3,0.6,0.3636532474150614,0.2363467525849386,0.045783106144079155
20.186920642852783,3,0.6,0.366495923962673,0.23350407603732698,0.1090738026923399
20.218146562576294,3,0.6,0.36850185341226105,0.23149814658773893,0.114484296855488
20.2489492893219,3,0.6,0.3698055912014686,0.23019440879853137,0.1188304745410868
20.28031897544861,3,0.6,0.3704664919668231,0.2295335080331769,0.12324367750471386
20.312395811080933,3,0.6,0.369374821075707,0.23062517892429296,0.13496129161343495
20.34288477897644,3,0.6,0.3686217563556117,0.2313782436443883,0.13367325169145836
20.374160528182983,3,0.6,0.3680063790731094,0.23199362092689058,0.13321590959660928
20.40580916404724,3,0.6,0.36852414974158854,0.23147585025841144,0.12621970742427924
20.43704080581665,3,0.6,0.37158672318716623,0.22841327681283374,0.10931762368452325
20.46690344810486,3,0.6,0.37416129636494816,0.22583870363505182,0.11125168137007248
20.49740171432495,3,0.6,0.38122918546254314,0.21877081453745684,0.08035824142817385
20.52860975265503,3,0.6,0.38560554427411575,0.21439445572588423,0.09768296750836411
20.558886528015137,3,0.6,0.3997478657164644,0.20025213428353555,0.028369514756339226
20.591014862060547,3,0.6,0.4081889878990013,0.19181101210099866,0.06701928858047579
20.62178373336792,3,0.6,0.411723808530206,0.18827619146979396,0.09581817215367866
20.652740478515625,3,0.6,0.4166790448115994,0.18332095518840058,0.08557801885423277
20.683541297912598,3,0.6,0.4179531983649631,0.1820468016350369,0.10921656400207062
20.71467900276184,3,0.6,0.41859612847123584,0.18140387152876414,0.11345002210490102
20.74541187286377,3,0.6,0.41867999701400355,0.18132000298599643,0.11728728738819519
20.777266025543213,3,0.6,0.41791375271717107,0.1820862472828289,0.1233491489904929
20.806687116622925,3,0.6,0.4173826163071154,0.1826173836928846,0.12224432503439005
20.837810754776,3,0.6,0.4170550652183386,0.18294493478166135,0.12126877457805885
20.86868906021118,3,0.6,0.41755652431013074,0.18244347568986924,0.11604720579129482
20.900188446044922,3,0.6,0.4229292580581288,0.17707074194187117,0.08384897658490154
20.92994713783264,3,0.6,0.42603662672836107,0.1739633732716389,0.09640510045644024
20.961647033691406,3,0.6,0.43362137207139817,0.1663786279286018,0.06742371797340672
20.992385864257812,3,0.6,0.44207714674822757,0.1579228532517724,0.05796625144008582
21.023679733276367,3,0.6,0.44207714674822757,0.1579228532517724,0.11323024474611432
21.055185794830322,3,0.6,0.4503142181973869,0.1496857818026131,0.05870611938975387
21.085991382598877,3,0.6,0.4538983458883315,0.14610165411166848,0.0868753879559127
21.1165874004364,3,0.6,0.4592956866249896,0.14070431337501038,0.07345944199354185
21.14733600616455,3,0.6,0.46115175656570406,0.13884824343429591,0.0963248717089081
21.178438663482666,3,0.6,0.4630294876599683,0.13697051234003166,0.09597269730489982
21.20903778076172,3,0.6,0.46324496580526875,0.13675503419473123,0.10678329793992451
21.240964889526367,3,0.6,0.4627797272788991,0.13722027272110088,0.11146469565731071
21.271687984466553,3,0.6,0.46239006188332415,0.13760993811667582,0.11141523465240319
21.302156448364258,3,0.6,0.4625248965682264,0.1374751034317736,0.10816251146773664
21.332744121551514,3,0.6,0.4650354171095563,0.13496458289044366,0.09208560128790856
21.363856077194214,3,0.6,0.46719249282073355,0.13280750717926643,0.09419377842524532
21.39534306526184,3,0.6,0.47288466841037463,0.12711533158962535,0.0703970560606653
21.426655530929565,3,0.6,0.4763701819818394,0.12362981801816059,0.0834379064702745
21.45729923248291,3,0.6,0.4838816484522543,0.11611835154774569,0.05460062963977227
21.488152265548706,3,0.6,0.4838816484522543,0.11611835154774569,0.10380429724613958
21.51896095275879,3,0.6,0.491128888212147,0.10887111178785297,0.05475110531568457
21.54968023300171,3,0.6,0.4944088781326789,0.10559112186732106,0.07962141993193002
21.580483198165894,3,0.6,0.4993296460134642,0.10067035398653579,0.06770487589871514
21.61123299598694,3,0.6,0.5021128748421287,0.09788712515787124,0.08086794968286165
21.64178204536438,3,0.6,0.5027637280306958,0.09723627196930418,0.09466260059476851
21.672180652618408,3,0.6,0.5031250959431427,0.09687490405685728,0.09658494119022562
21.70343327522278,3,0.6,0.5029523816104233,0.09704761838957665,0.10027121349113718
21.733952045440674,3,0.6,0.5025032684959013,0.09749673150409865,0.10239263521094602
21.76483726501465,3,0.6,0.5025163549902188,0.09748364500978113,0.09951131394915746
21.795400857925415,3,0.6,0.5035865508926246,0.09641344910737537,0.09241925847293453
21.825937271118164,3,0.6,0.5046831990309244,0.09531680096907558,0.09205631197928059
21.85680603981018,3,0.6,0.5084911002791426,0.0915088997208574,0.07356619411671772
21.886831760406494,3,0.6,0.5111923988946931,0.08880760110530683,0.07956744535398338
21.917394876480103,3,0.6,0.5175911848973802,0.08240881510261977,0.05389437177133699
21.948084115982056,3,0.6,0.5209863797613381,0.07901362023866187,0.0727433701950021
21.979182481765747,3,0.6,0.5278374108784971,0.07216258912150286,0.0488661633041855
22.010862827301025,3,0.6,0.533774555766863,0.06622544423313703,0.05376874876526599
22.04130792617798,3,0.6,0.5360634272454124,0.06393657275458753,0.07562492281638691
22.071747541427612,3,0.6,0.5379082559390433,0.06209174406095663,0.07808080011477586
22.10240864753723,3,0.6,0.540035654331957,0.059964345668042984,0.07577889101900391
22.13365864753723,3,0.6,0.5402774916307319,0.05972250836926807,0.08812875106757469
22.16407299041748,3,0.6,0.5399848743546619,0.06001512564533806,0.09177976680093598
22.19491696357727,3,0.6,0.539392817308104,0.06060718269189602,0.09396569169424596
22.22567629814148,3,0.6,0.5393895922257345,0.06061040777426552,0.09024180051789642
22.256508350372314,3,0.6,0.5401140802154424,0.059885919784557595,0.08539622781262708
22.287583589553833,3,0.6,0.5411315578108993,0.0588684421891007,0.08333355093216192
22.318991899490356,3,0.6,0.5447235155017184,0.0552764844982816,0.06601859042850532
22.349897384643555,3,0.6,0.5501568906389596,0.049843109361040416,0.05217702233374077
22.379910945892334,3,0.6,0.5564156785447211,0.04358432145527891,0.04381962735916068
22.41071605682373,3,0.6,0.5564156785447211,0.04358432145527891,0.08559315802837905
22.441373348236084,3,0.6,0.5627671888997418,0.03723281110025822,0.042309216694299684
22.47311305999756,3,0.6,0.5679190949255767,0.032080905074423294,0.049786647130397904
22.503414392471313,3,0.6,0.5698391244203234,0.030160875579676616,0.06904690008516345
22.535372257232666,3,0.6,0.5723972929389987,0.02760270706100132,0.06498682687021189
22.56651520729065,3,0.6,0.573043448127641,0.026956551872359014,0.07669498108973183
22.597244262695312,3,0.6,0.5733263901566024,0.026673609843397617,0.07895916165016054
22.627623796463013,3,0.6,0.5730848321050868,0.026915167894913217,0.08250430857373175
22.658718824386597,3,0.6,0.5725605181894488,0.027439481810551225,0.08448632881278019
22.689014434814453,3,0.6,0.5724716723994971,0.027528327600502833,0.08176887493468601
22.719329595565796,3,0.6,0.5729010626901233,0.02709893730987667,0.07826176553362495
22.74990224838257,3,0.6,0.5749728900233974,0.025027109976602624,0.06695784867143315
22.780428647994995,3,0.6,0.5787430977886379,0.021256902211362116,0.0547114056211305
22.811614274978638,3,0.6,0.5812668909891248,0.018733109010875215,0.062499153412700806
22.842207431793213,3,0.6,0.5840160237468599,0.015983976253140075,0.059912274281586325
22.872560501098633,3,0.6,0.5898113252910664,0.010188674708933587,0.03797541959069535
26.15781545639038,4,0.6,0.0,0.6,0.0
26.189527988433838,4,0.6,-5.362652487873885e-05,0.6000536265248787,0.8
26.21957492828369,4,0.6,-0.00019004086527970348,0.6001900408652797,0.18281817516572146
26.250920057296753,4,0.6,-0.0002972939150371746,0.6002972939150372,0.18356749898731164
26.282833337783813,4,0.6,-0.00033147957948713593,0.6003314795794871,0.18406558671310289
26.313353538513184,4,0.6,9.354300434524325e-05,0.5999064569956547,0.18185411356637582
26.34359574317932,4,0.6,0.001013979211714844,0.5989860207882851,0.17918180697866742
26.374773025512695,4,0.6,0.0050501268807463555,0.5949498731192536,0.15909391203352138
26.406469106674194,4,0.6,0.008321036908440365,0.5916789630915597,0.16430272037022023
26.437878131866455,4,0.6,0.01751996700559349,0.5824800329944065,0.12452193022499905
26.470670700073242,4,0.6,0.0230279888650268,0.5769720111349732,0.14879750814785428
26.500909328460693,4,0.6,0.034923995289823526,0.5650760047101765,0.10099531308368774
26.531556606292725,4,0.6,0.041053846171993987,0.5589461538280059,0.1386911468861184
26.562699794769287,4,0.6,0.05233675905207166,0.5476632409479283,0.10370334912953945
26.593164443969727,4,0.6,0.06124506119498812,0.5387549388050119,0.11582692997496057
26.62448811531067,4,0.6,0.06454912212852347,0.5354508778714765,0.1530609503180471
26.655139207839966,4,0.6,0.06854098557907952,0.5314590144209205,0.14772701700718482
26.685795307159424,4,0.6,0.06933439955886389,0.5306656004411361,0.16917329717999713
26.71685004234314,4,0.6,0.06940615367457635,0.5305938463254236,0.17468975232744544
26.747905254364014,4,0.6,0.06912830061996796,0.530871699380032,0.177848952098019
26.77992010116577,4,0.6,0.06960394506567752,0.5303960549343225,0.17379447367050954
26.810890913009644,4,0.6,0.07296567194570178,0.5270343280542982,0.1548644881244927
26.841397523880005,4,0.6,0.07585612211902551,0.5241438778809745,0.15755618214734235
26.872017860412598,4,0.6,0.07940925294033686,0.5205907470596631,0.15302928675664268
26.902684450149536,4,0.6,0.08375410634802631,0.5162458936519737,0.1473889878466978
26.93363070487976,4,0.6,0.09423918770289834,0.5057608122971017,0.1055989367438953
26.965060472488403,4,0.6,0.1002268934296515,0.49977310657034846,0.13424904934680343
26.99559783935547,4,0.6,0.11191102029412353,0.48808897970587645,0.09306771748982741
27.026044845581055,4,0.6,0.11729000021516657,0.4827099997848334,0.13337895908346334
27.057445287704468,4,0.6,0.12644605897626396,0.47355394102373605,0.10839099841577976
27.08885407447815,4,0.6,0.13006488478087247,0.4699351152191275,0.14331798216574584
27.11880588531494,4,0.6,0.13493398478534374,0.46506601521465624,0.13308423587113766
27.14970874786377,4,0.6,0.1360558736816137,0.4639441263183863,0.15871667743748102
27.18000817298889,4,0.6,0.13645867944659,0.46354132055341,0.16389999728740984
27.211251974105835,4,0.6,0.13616837980975227,0.4638316201902477,0.16922880098913679
27.241559267044067,4,0.6,0.13643547767553757,0.46356452232446244,0.16623025664987057
27.27193832397461,4,0.6,0.13872316156274184,0.46127683843725814,0.15294627961043739
27.303263425827026,4,0.6,0.14092472465402378,0.4590752753459762,0.15400954425010469
27.33452844619751,4,0.6,0.14388420279104483,0.4561157972089551,0.14895938674212778
27.36540961265564,4,0.6,0.1475171167648769,0.4524828832351231,0.14397138627470282
27.39632797241211,4,0.6,0.15682701101599886,0.44317298898400115,0.10516944087636401
27.427428007125854,4,0.6,0.1620893457744687,0.43791065422553127,0.1306527820091471
27.45785427093506,4,0.6,0.17326833858518906,0.4267316614148109,0.0883070992165731
27.48909020423889,4,0.6,0.1785993729899575,0.42140062701004244,0.1267144666863342
27.52033805847168,4,0.6,0.18804633821627803,0.41195366178372195,0.09819326635243936
27.551580667495728,4,0.6,0.1950289106117159,0.4049710893882841,0.11249680638171247
27.583003759384155,4,0.6,0.19751744035943522,0.4024825596405648,0.14124278505072632
27.613813400268555,4,0.6,0.20030599017420678,0.3996940098257932,0.13875900125410803
27.644627571105957,4,0.6,0.2009106765583067,0.3990893234416933,0.15336954662532665
27.675852060317993,4,0.6,0.20102027763626817,0.3989797223637318,0.1571822724388484
27.70602560043335,4,0.6,0.20096965577439097,0.399030344225609,0.1588370249937793
27.737102508544922,4,0.6,0.20167553607583316,0.3983244639241668,0.15436586123292284
27.76864504814148,4,0.6,0.20271496547397988,0.3972850345260201,0.15263274626590123
27.798828840255737,4,0.6,0.20682854826732805,0.39317145173267193,0.13132579447505724
27.830665111541748,4,0.6,0.2135033998763044,0.3864966001236956,0.11526309757987974
27.861492156982422,4,0.6,0.2175874930616105,0.38241250693838946,0.13006285367978299
27.89217972755432,4,0.6,0.22205608552289707,0.3779439144771029,0.12667586121559565
27.923410177230835,4,0.6,0.23195564284311146,0.36804435715688855,0.09000701754600668
27.9549617767334,4,0.6,0.2420622840544182,0.35793771594558177,0.08687232083207583
27.98594093322754,4,0.6,0.24655965968253707,0.3534403403174629,0.12109993178155845
28.016043186187744,4,0.6,0.2540447395925362,0.34595526040746377,0.09867893036848151
28.046929121017456,4,0.6,0.2569690471129109,0.34303095288708907,0.12912623139999715
28.078919172286987,4,0.6,0.2606237499753757,0.3393762500246243,0.12465983333058062
28.109256505966187,4,0.6,0.2616280087568761,0.3383719912431239,0.14110020414220298
28.141150951385498,4,0.6,0.262381506257194,0.337618493742806,0.14330823098211326
28.172146558761597,4,0.6,0.26274951952933495,0.337250480470665,0.14607082051124629
28.202778100967407,4,0.6,0.26313866505531114,0.33686133494468884,0.14630380585552533
28.233592748641968,4,0.6,0.2648619073552807,0.3351380926447193,0.13765944106043418
28.264231204986572,4,0.6,0.2664403779606425,0.33355962203935746,0.138577601407038
28.29535675048828,4,0.6,0.27127938152868625,0.32872061847131373,0.11684787892836576
28.326399087905884,4,0.6,0.2747095295440226,0.32529047045597737,0.1253173722523925
28.357731580734253,4,0.6,0.28313519296303,0.31686480703696995,0.09160361339839578
28.38902497291565,4,0.6,0.28790277073276016,0.3120972292672398,0.11397375378847538
28.420263290405273,4,0.6,0.2976424334305346,0.3023575665694654,0.07963714752982981
28.45063614845276,4,0.6,0.30664465670160734,0.29335534329839263,0.08046105725225444
28.48191261291504,4,0.6,0.3103302122481217,0.2896697877518783,0.11551886414345096
28.512195587158203,4,0.6,0.31564016420546714,0.28435983579453283,0.10285514534746662
28.542638063430786,4,0.6,0.31737820111587006,0.2826217988841299,0.12641431400113562
28.573346853256226,4,0.6,0.31922917208463475,0.28077082791536523,0.12565363694973883
28.604477882385254,4,0.6,0.31936525810763683,0.28063474189236315,0.13723034585852703
28.635819673538208,4,0.6,0.319185922624768,0.28081407737523195,0.1397428719653434
28.66718101501465,4,0.6,0.3187729684993541,0.2812270315006459,0.14179687873487587
28.698309898376465,4,0.6,0.3195345448428924,0.2804654551571076,0.13447835854141818
28.72974967956543,4,0.6,0.3206296702831352,0.27937032971686476,0.13251554546789876
28.760334491729736,4,0.6,0.32478819392975644,0.27521180607024354,0.11146195861592706
28.79118585586548,4,0.6,0.32803895665581173,0.27196104334418825,0.11702593343637173
28.821357011795044,4,0.6,0.3364099587913317,0.2635900412086683,0.08049587963962089
28.852676391601562,4,0.6,0.3508284021173112,0.24917159788268878,0.03997702086991628
28.882680654525757,4,0.6,0.3508284021173112,0.24917159788268878,0.13242445106556772
28.913291215896606,4,0.6,0.3596314709212752,0.2403685290787248,0.07263487521732545
28.943527460098267,4,0.6,0.36327344869052397,0.236726551309476,0.10532656741784434
28.97385835647583,4,0.6,0.36862632179033744,0.23137367820966254,0.0928652361048889
29.00467276573181,4,0.6,0.3702704873789963,0.22972951262100366,0.11735103238232854
29.036379098892212,4,0.6,0.3715649959909222,0.2284350040090778,0.1198306137041283
29.067975997924805,4,0.6,0.37141012574228893,0.22858987425771105,0.12938411438374742
29.099118947982788,4,0.6,0.37001164725459357,0.2299883527454064,0.13816252378783445
29.13037109375,4,0.6,0.37001164725459357,0.2299883527454064,0.12954087755095206
29.161336183547974,4,0.6,0.3701785859616452,0.22982141403835477,0.12876837981621292
29.192782402038574,4,0.6,0.37108967986261143,0.22891032013738855,0.1241385913852478
29.22403049468994,4,0.6,0.374646850105533,0.22535314989446698,0.10645087057513973
29.25521945953369,4,0.6,0.3810411723142983,0.21895882768570168,0.08663756045000374
29.286194562911987,4,0.6,0.38514841746424466,0.21485158253575531,0.10022223279792628
29.317155838012695,4,0.6,0.39451499270965923,0.20548500729034075,0.06374491820650036
29.348138570785522,4,0.6,0.3991793070448297,0.2008206929551703,0.09305270114484593
29.378986358642578,4,0.6,0.4080624873187131,0.1919375126812869,0.06319928181995033
29.41017460823059,4,0.6,0.4118637030756042,0.18813629692439576,0.09556998032056034
29.44003391265869,4,0.6,0.41757726685196034,0.18242273314803964,0.08023430463943935
29.470971822738647,4,0.6,0.4208414611124415,0.1791585388875585,0.09670050910063911
29.501593351364136,4,0.6,0.4207633693533272,0.17923663064667278,0.11860998860371882
29.53263545036316,4,0.6,0.4196729399694922,0.1803270600305078,0.12573244657341345
29.56342577934265,4,0.6,0.41909032098501153,0.18090967901498844,0.12294468669837352
29.594013690948486,4,0.6,0.4186860027247911,0.18131399727520886,0.12220250192420852
29.62508749961853,4,0.6,0.4186860027247911,0.18131399727520886,0.11984056037810062
29.65595507621765,4,0.6,0.42026414501275405,0.17973585498724592,0.10941927565736069
29.687687635421753,4,0.6,0.4221462969829672,0.1778537030170328,0.10749946855308265
29.718246698379517,4,0.6,0.42760102063492056,0.17239897936507942,0.08228951288730005
29.749845266342163,4,0.6,0.43114879876502654,0.16885120123497344,0.09473619052445582
29.78086256980896,4,0.6,0.4396736861969834,0.1603263138030166,0.05991408678875977
29.812148809432983,4,0.6,0.4485015983589939,0.1514984016410061,0.056038101422483555
29.843637943267822,4,0.6,0.45259043740712007,0.1474095625928799,0.0855068924096135
29.873953342437744,4,0.6,0.45935888182685386,0.14064111817314612,0.06500587317363475
29.904479265213013,4,0.6,0.461722409057793,0.13827759094220698,0.0936759966117179
29.93590497970581,4,0.6,0.46446536138449385,0.13553463861550613,0.09109471430317867
29.966978788375854,4,0.6,0.46494537356921245,0.13505462643078753,0.10552778481530795
29.997848749160767,4,0.6,0.46456824669524255,0.13543175330475743,0.11138278437026271
30.02854633331299,4,0.6,0.4639507854115143,0.13604921458848568,0.11335638161104486
30.058650732040405,4,0.6,0.4625771004754533,0.13742289952454667,0.11907861412271203
30.089783668518066,4,0.6,0.4621919445646751,0.13780805543532487,0.1127568048898054
30.12059259414673,4,0.6,0.46319822305698055,0.13680177694301943,0.10365900773409416
30.152161836624146,4,0.6,0.4689962660422651,0.1310037339577349,0.07192653464313156
30.182746648788452,4,0.6,0.4689962660422651,0.1310037339577349,0.10885909838476693
30.213536500930786,4,0.6,0.4757667301728039,0.12423326982719607,0.06304067268050713
30.24513530731201,4,0.6,0.47979085918982933,0.12020914081017064,0.08053176683854076
30.27635383605957,4,0.6,0.48821985558923714,0.11178014441076284,0.0496477223326231
30.307066679000854,4,0.6,0.4924098885547055,0.10759011144529446,0.07527067430708337
30.338693857192993,4,0.6,0.4994672695352696,0.10053273046473038,0.05596907107421111
30.36884069442749,4,0.6,0.4994672695352696,0.10053273046473038,0.10074919282006611
30.400652408599854,4,0.6,0.5062766153866662,0.09372338461333374,0.056045159644124515
30.431225538253784,4,0.6,0.506036987418118,0.093963012581882,0.1006385620827322
30.462126970291138,4,0.6,0.506036987418118,0.093963012581882,0.09921616928202408
30.49268102645874,4,0.6,0.5047072085767212,0.09529279142327873,0.10846511609561597
30.52393889427185,4,0.6,0.5041530942480863,0.09584690575191368,0.10362215386162404
30.554786920547485,4,0.6,0.5036341505360977,0.09636584946390225,0.10374555080849884
30.584980964660645,4,0.6,0.5040082229406541,0.09599177705934592,0.09793594064707456
30.615666389465332,4,0.6,0.5067813713166068,0.09321862868339315,0.08165011376691149
30.647066116333008,4,0.6,0.5090537035714048,0.0909462964285952,0.0847123131610295
30.67817234992981,4,0.6,0.5152036519488017,0.08479634805119829,0.05793121150234409
30.708818674087524,4,0.6,0.5189274325813762,0.08107256741862379,0.07217824158422234
30.73947501182556,4,0.6,0.5268674028070608,0.07313259719293919,0.04241013420392863
30.770058155059814,4,0.6,0.5307946558393406,0.06920534416065938,0.06745517722387498
30.80097532272339,4,0.6,0.5375429529574357,0.06245704704256427,0.04755566128909978
30.83159828186035,4,0.6,0.5435038952281617,0.05649610477183831,0.05057673037087965
30.86290216445923,4,0.6,0.5443090493489656,0.055690950651034354,0.08420943159441058
30.894020080566406,4,0.6,0.544508154009662,0.05549184599033796,0.088100477765398
30.92393970489502,4,0.6,0.544137742902905,0.055862257097095025,0.09205088977184796
30.954647302627563,4,0.6,0.5425626052779435,0.057437394722056445,0.10039452210224932
30.98484516143799,4,0.6,0.54165418772258,0.05834581227741997,0.09651263618357456
31.015955209732056,4,0.6,0.5405376017111031,0.05946239828889688,0.09810196717921305
31.046797513961792,4,0.6,0.5406177131810225,0.0593822868189775,0.09047171908802518
31.07773995399475,4,0.6,0.5425082723118548,0.057491727688145144,0.07829314372488277
31.108606576919556,4,0.6,0.5443297536725775,0.05567024632742246,0.0782501903423367
31.139578580856323,4,0.6,0.5533377077586668,0.046662292241333225,0.029253972519256488
31.17054271697998,4,0.6,0.5570829489624751,0.042917051037524856,0.06217437639095945
31.200841665267944,4,0.6,0.5608998944755836,0.03910010552441634,0.060084125824738335
31.230862379074097,4,0.6,0.5684496346102712,0.031550365389728774,0.03276492344837173
31.26176166534424,4,0.6,0.5716092521665975,0.028390747833402452,0.06170670233242474
31.292965173721313,4,0.6,0.576327242833059,0.02367275716694095,0.0505391807646893
31.32353901863098,4,0.6,0.5778222689881011,0.022177731011898905,0.07058493336010033
31.353574991226196,4,0.6,0.5788738166510784,0.02112618334892158,0.07307904644637805
31.38474440574646,4,0.6,0.5785992965768703,0.02140070342312972,0.08195814752368062
31.415098190307617,4,0.6,0.5771203783018568,0.02287962169814317,0.09041961589765993
31.44667148590088,4,0.6,0.5762237008875127,0.023776299112487242,0.08666158786854923
31.477737188339233,4,0.6,0.5749428525145871,0.02505714748541288,0.08965085066822329
31.508196115493774,4,0.6,0.5748580449882599,0.025141955011740102,0.08202538669192304
31.53921675682068,4,0.6,0.5762944202446166,0.023705579755383344,0.0718136065398287
31.570749282836914,4,0.6,0.5778705428217744,0.022129457178225564,0.07038915556606255
31.600792169570923,4,0.6,0.5823444879742665,0.017655512025733455,0.05027944351189689
31.632243156433105,4,0.6,0.5885588180653653,0.011441181934634725,0.03795673674773888
